run_id,cohort,algorithm,timed_cases,solve_p50_s,solve_p95_s,solve_max_s,quotes_p50,quotes_p95,quotes_max,quotes_total,memory_peak_bytes_p50,memory_peak_bytes_max,prepare_seconds_total,solve_seconds_total,evaluation_seconds_total
20260925T210241565278Z-95556b57,matched_sor_v2_v3,direct,302,0.00028175,0.019797625,0.042819125,2.0,12.0,12.0,1528,13042.0,1347748.0,1.55e-05,3.916942381,0.045854372
20260925T210241565278Z-95556b57,matched_sor_v2_v3,single_path,302,0.055966417,0.370635834,0.412692125,66.0,252.0,256.0,33014,1772051.0,16140370.0,0.00031575,114.106061382,0.067873174
20260925T210241565278Z-95556b57,matched_sor_v2_v3,direct_split,302,0.000555667,0.809463041,1.764109416,56.0,612.0,728.0,60180,52459.0,75175233.0,1.9832999999999998e-05,117.892878283,0.044276078
20260925T210241565278Z-95556b57,matched_sor_v2_v3,path_split,302,0.316413583,1.715541417,2.399959541,974.0,2233.0,3352.0,315684,19589620.0,187620958.0,0.000327,422.619739489,0.09495845
20260925T210241565278Z-95556b57,matched_sor_v2_v3,incremental_graph,302,0.629323,2.448612333,6.074780458,1733.0,6174.0,32303.0,859868,36570399.0,1853437647.0,0.000338792,764.119847084,0.166669001
20260925T210241565278Z-95556b57,matched_sor_v2_v3,uni_sor_port,302,0.745868667,5.416484875,5.7559215,1297.0,5081.0,5221.0,641194,28227152.0,303590775.0,0.097061167,1510.980439512,0.095069615
20260925T210241655466Z-2efac37a,full_source,direct,302,0.000933,0.019914416,0.047504833,4.0,16.0,16.0,2184,23866.0,1347788.0,6.375e-06,4.143784392,0.053536463
20260925T210241655466Z-2efac37a,full_source,single_path,302,0.082896875,0.433201708,0.543116042,155.0,341.0,370.0,53583,2006022.0,17682183.0,0.00044291700000000003,136.30665711,0.078286748
20260925T210241655466Z-2efac37a,full_source,direct_split,302,0.004398,0.826491458,1.822170417,133.0,855.0,989.0,87634,304459.0,92552705.0,2.375e-05,121.878856209,0.054098255
20260925T210241655466Z-2efac37a,full_source,path_split,302,0.354063708,1.871396542,2.606953958,1153.0,2634.0,4534.0,394688,27070044.0,241102267.0,0.000450792,454.168897995,0.111660457
20260925T210241655466Z-2efac37a,full_source,incremental_graph,302,0.766099333,3.26980125,7.51786675,2321.0,7495.0,50000.0,1180450,39938418.0,2263375089.0,0.00045683400000000004,930.854344808,0.197640501
20260925T210241655466Z-2efac37a,full_source,uni_sor_port,302,0.733723708,5.325658875,5.706455542,1297.0,5081.0,5221.0,641194,28232290.0,303590940.0,0.096474709,1503.480557767,0.093134286
20260925T210241589234Z-64ab5e56,matched_sor_v2_v3,direct,302,0.000376667,0.018499792,0.037631416,2.0,12.0,12.0,1528,14289.0,1350330.0,6.959e-06,3.939216501,0.056387789
20260925T210241589234Z-64ab5e56,matched_sor_v2_v3,single_path,302,0.057158875,0.367999291,0.419507541,66.0,252.0,256.0,33014,1774590.0,16142609.0,0.000325583,115.310987782,0.080338165
20260925T210241589234Z-64ab5e56,matched_sor_v2_v3,direct_split,302,0.000575833,0.811677792,1.764169042,56.0,612.0,728.0,60180,54232.0,75176724.0,2.3126000000000002e-05,117.90395003,0.038452098
20260925T210241589234Z-64ab5e56,matched_sor_v2_v3,path_split,302,0.319440042,1.721045334,2.351323375,974.0,2233.0,3352.0,315684,19588023.0,187624018.0,0.000325126,422.790459172,0.052704621
20260925T210241589234Z-64ab5e56,matched_sor_v2_v3,incremental_graph,302,0.635808333,2.401270292,6.094017083,1733.0,6174.0,32303.0,859868,36571157.0,1853438907.0,0.000336082,765.742120265,0.059045631
20260925T210241589234Z-64ab5e56,matched_sor_v2_v3,uni_sor_port,302,0.728369334,5.409215625,5.822287375,1297.0,5081.0,5221.0,641194,28376314.0,303590844.0,0.097178499,1506.897881629,0.099637136
20260925T210241633559Z-c3ccc41a,full_source,direct,302,0.001027458,0.019373166,0.041377375,4.0,16.0,16.0,2184,25812.0,1350370.0,6.791e-06,4.36566402,0.061257461
20260925T210241633559Z-c3ccc41a,full_source,single_path,302,0.083295042,0.441809,0.499985917,155.0,341.0,370.0,53583,2007207.0,17684611.0,0.000433083,137.973253294,0.085810716
20260925T210241633559Z-c3ccc41a,full_source,direct_split,302,0.004567709,0.815343583,1.804306084,133.0,855.0,989.0,87634,306943.0,92555380.0,2.3958000000000003e-05,121.443781145,0.04402309
20260925T210241633559Z-c3ccc41a,full_source,path_split,302,0.352500083,1.885179916,2.619128584,1153.0,2634.0,4534.0,394688,27072600.0,241104892.0,0.00046191600000000004,455.82973867,0.057271756
20260925T210241633559Z-c3ccc41a,full_source,incremental_graph,302,0.772630375,3.209750459,7.498979417,2321.0,7495.0,50000.0,1180450,39939664.0,2263190727.0,0.000456708,931.792922874,0.069664411
20260925T210241633559Z-c3ccc41a,full_source,uni_sor_port,302,0.735307958,5.325232458,5.709230875,1297.0,5081.0,5221.0,641194,28376434.0,303533036.0,0.094294667,1504.485435475,0.104523212
