run_id,cohort,algorithm,baseline,comparison,n,p5,p25,p50,p75,p95,mean,underpowered,better,equal,worse,only_algorithm_ok,only_baseline_ok,baseline_output_zero,like_for_like_n,like_for_like_p50,capability_n,capability_p50
20260925T210241565278Z-95556b57,matched_sor_v2_v3,direct,single_path,matched,260,-896.377142042436,-12.989117635970798,0.0,0.0,0.0,-359.8796771678209,False,0,181,79,0,24,16,260,0.0,0,N/A
20260925T210241565278Z-95556b57,matched_sor_v2_v3,direct,direct_split,matched,252,-55.510022437163876,-0.7738635813308157,0.0,0.0,0.0,-18.97641437535137,False,0,165,87,0,0,24,252,0.0,0,N/A
20260925T210241565278Z-95556b57,matched_sor_v2_v3,direct,path_split,matched,260,-896.4315584426116,-32.63559908311811,-0.7255923679084347,0.0,0.0,-367.7150330383192,False,0,113,147,0,24,16,260,-0.7255923679084347,0,N/A
20260925T210241565278Z-95556b57,matched_sor_v2_v3,direct,incremental_graph,matched,260,-896.7900391110778,-37.47255531160277,-1.6381087884127652,0.0,0.0,-370.09078900976647,False,0,83,177,0,24,16,260,-1.6381087884127652,0,N/A
20260925T210241565278Z-95556b57,matched_sor_v2_v3,direct,uni_sor_port,matched,260,-896.4315584426116,-32.6355998849659,-0.7255923679084347,0.0,0.0,-367.6913865966527,False,0,113,147,0,24,16,260,-0.7255923679084347,0,N/A
20260925T210241565278Z-95556b57,matched_sor_v2_v3,single_path,direct,matched,252,0.0,0.0,0.0,8.191840361524445,80.17789924437668,76.32036386532597,False,71,181,0,24,0,24,181,0.0,71,32.742777826323824
20260925T210241565278Z-95556b57,matched_sor_v2_v3,single_path,direct_split,matched,252,-17.846760658866934,0.0,0.0,0.17292497885599123,53.45125017613421,55.66143396202178,False,64,151,37,24,0,24,181,0.0,71,28.52311380737387
20260925T210241565278Z-95556b57,matched_sor_v2_v3,single_path,path_split,matched,284,-40.992332906864895,-5.47137330500045,0.0,0.0,0.0,-7.3094102319190135,False,0,153,131,0,0,16,284,0.0,0,N/A
20260925T210241565278Z-95556b57,matched_sor_v2_v3,single_path,incremental_graph,matched,284,-47.52029560761104,-9.060269705756745,-0.3663984678988228,0.0,0.0,-9.598351802959797,False,0,113,171,0,0,16,284,-0.3663984678988228,0,N/A
20260925T210241565278Z-95556b57,matched_sor_v2_v3,single_path,uni_sor_port,matched,284,-40.992332906864895,-5.47137330500045,0.0,0.0,0.0,-7.287729909336038,False,0,153,131,0,0,16,284,0.0,0,N/A
20260925T210241565278Z-95556b57,matched_sor_v2_v3,direct_split,direct,matched,252,0.0,0.0,0.0,0.6975277057563253,55.819878709122186,20.31037235603382,False,87,165,0,0,0,24,165,0.0,87,7.974331711686456
20260925T210241565278Z-95556b57,matched_sor_v2_v3,direct_split,single_path,matched,260,-354.6526255676156,-10.494439609858121,0.0,0.0,16.151345062566044,-341.7938719605031,False,37,151,72,0,24,16,173,0.0,87,-10.986673150649603
20260925T210241565278Z-95556b57,matched_sor_v2_v3,direct_split,path_split,matched,260,-354.6526255676156,-25.48223233408579,-0.47815800731265373,0.0,0.0,-349.7745354409331,False,0,118,142,0,24,16,260,-0.47815800731265373,0,N/A
20260925T210241565278Z-95556b57,matched_sor_v2_v3,direct_split,incremental_graph,matched,260,-354.6526255676156,-27.72182365786373,-1.6381087884127652,0.0,0.0,-352.2022282466461,False,0,83,177,0,24,16,260,-1.6381087884127652,0,N/A
20260925T210241565278Z-95556b57,matched_sor_v2_v3,direct_split,uni_sor_port,matched,260,-354.6526255676156,-25.482233136509084,-0.47815800731265373,0.0,0.0,-349.7508110200396,False,1,117,142,0,24,16,260,-0.47815800731265373,0,N/A
20260925T210241565278Z-95556b57,matched_sor_v2_v3,path_split,direct,matched,252,0.0,0.0,0.4686423492438286,30.28999508943483,98.62663723479758,84.7776799783881,False,139,113,0,24,0,24,113,0.0,139,28.650938688098023
20260925T210241565278Z-95556b57,matched_sor_v2_v3,path_split,single_path,matched,284,0.0,0.0,0.0,5.323014015078247,41.16106170127075,7.348551346911521,False,131,153,0,0,0,16,153,0.0,131,6.104527512473996
20260925T210241565278Z-95556b57,matched_sor_v2_v3,path_split,direct_split,matched,252,0.0,0.0,0.21885873353873067,20.364008600790726,71.31561238223419,63.946974611677774,False,134,118,0,24,0,24,118,0.0,134,18.493785645271007
20260925T210241565278Z-95556b57,matched_sor_v2_v3,path_split,incremental_graph,matched,284,-8.381643359271266,-2.8741445332022986,-0.2519937673310171,0.0,0.0,-2.2994048496408612,False,0,116,168,0,0,16,284,-0.2519937673310171,0,N/A
20260925T210241565278Z-95556b57,matched_sor_v2_v3,path_split,uni_sor_port,matched,284,0.0,0.0,0.0,0.0,0.1015563167013425,0.021755221185532234,False,26,248,10,0,0,16,284,0.0,0,N/A
20260925T210241565278Z-95556b57,matched_sor_v2_v3,incremental_graph,direct,matched,252,0.0,0.0,1.1343801932723452,33.91213786541212,109.9443925768818,87.381129415336,False,169,83,0,24,0,24,83,0.0,169,19.57134854973636
20260925T210241565278Z-95556b57,matched_sor_v2_v3,incremental_graph,single_path,matched,284,0.0,0.0,0.3518378969132551,9.068482006546915,47.747191673888686,9.662251793074015,False,171,113,0,0,0,16,113,0.0,171,6.055771702306875
20260925T210241565278Z-95556b57,matched_sor_v2_v3,incremental_graph,direct_split,matched,252,0.0,0.0,1.1343801932723452,25.862351342672245,77.27991399505655,66.48736369658879,False,169,83,0,24,0,24,83,0.0,169,13.822216558193487
20260925T210241565278Z-95556b57,matched_sor_v2_v3,incremental_graph,path_split,matched,284,0.0,0.0,0.24715004867871743,2.8740545252198286,8.38867444701846,2.303085857175742,False,168,116,0,0,0,16,145,0.0,139,3.0126881705995743
20260925T210241565278Z-95556b57,matched_sor_v2_v3,incremental_graph,uni_sor_port,matched,284,0.0,0.0,0.24715004867871743,3.11760624140547,8.841565882149249,2.32486044610165,False,168,113,3,0,0,16,145,0.0,139,3.1681034503828855
20260925T210241565278Z-95556b57,matched_sor_v2_v3,uni_sor_port,direct,matched,252,0.0,0.0,0.4686423492438286,30.28999508943483,97.74812893300631,84.7530422216951,False,139,113,0,24,0,24,110,0.0,142,28.101980425421434
20260925T210241565278Z-95556b57,matched_sor_v2_v3,uni_sor_port,single_path,matched,284,0.0,0.0,0.0,5.323014015078247,41.16106170127075,7.3267222285674665,False,131,153,0,0,0,16,153,0.0,131,6.104527512473996
20260925T210241565278Z-95556b57,matched_sor_v2_v3,uni_sor_port,direct_split,matched,252,0.0,0.0,0.21885873353873067,20.364008600790726,71.31561238223419,63.922417973556,False,134,117,1,24,0,24,115,0.0,137,18.036436908768707
20260925T210241565278Z-95556b57,matched_sor_v2_v3,uni_sor_port,path_split,matched,284,-0.10155528534327041,0.0,0.0,0.0,0.0,-0.021753894583176635,False,10,248,26,0,0,16,284,0.0,0,N/A
20260925T210241565278Z-95556b57,matched_sor_v2_v3,uni_sor_port,incremental_graph,matched,284,-8.83375545906144,-3.1664045528900018,-0.2519937673310171,0.0,0.0,-2.3211393983278543,False,3,113,168,0,0,16,284,-0.2519937673310171,0,N/A
20260925T210241655466Z-2efac37a,full_source,direct,single_path,matched,264,-475.7797000682547,-11.985306279248398,0.0,0.0,0.0,-415.35288444570864,False,0,181,83,0,24,13,264,0.0,0,N/A
20260925T210241655466Z-2efac37a,full_source,direct,direct_split,matched,255,-25.713566890794702,-0.6974787467631247,0.0,0.0,0.0,-5.965527345982915,False,0,159,96,0,0,22,255,0.0,0,N/A
20260925T210241655466Z-2efac37a,full_source,direct,path_split,matched,264,-476.5136062214267,-31.423566615557192,-0.9298633154512278,0.0,0.0,-420.66069656728087,False,0,102,162,0,24,13,264,-0.9298633154512278,0,N/A
20260925T210241655466Z-2efac37a,full_source,direct,incremental_graph,matched,264,-477.79405294434866,-37.47255531160277,-1.8015950085900698,0.0,0.0,-422.6858692083692,False,0,72,192,0,24,13,264,-1.8015950085900698,0,N/A
20260925T210241655466Z-2efac37a,full_source,direct,uni_sor_port,coverage,260,-419.4796496322108,-26.238092397098896,-0.026162918656159866,0.0,2.797210715940009,76.95311002756132,False,25,103,132,1,24,16,260,-0.026162918656159866,0,N/A
20260925T210241655466Z-2efac37a,full_source,single_path,direct,matched,255,0.0,0.0,0.0,9.115091794159335,74.93783892232243,1392.4848440082742,False,74,181,0,24,0,22,181,0.0,74,30.27000754371145
20260925T210241655466Z-2efac37a,full_source,single_path,direct_split,matched,255,-7.122394052965634,0.0,0.0,3.215826346792378,46.11030961850335,1386.383292288096,False,67,145,43,24,0,22,181,0.0,74,27.003921627255714
20260925T210241655466Z-2efac37a,full_source,single_path,path_split,matched,288,-23.97810753747362,-4.754991699416369,-0.009905253570143211,0.0,0.0,-4.874764877504415,False,0,141,147,0,0,13,288,-0.009905253570143211,0,N/A
20260925T210241655466Z-2efac37a,full_source,single_path,incremental_graph,matched,288,-30.37213778787608,-8.956487146321384,-0.643127254166535,0.0,0.0,-6.802039878187885,False,0,101,187,0,0,13,288,-0.643127254166535,0,N/A
20260925T210241655466Z-2efac37a,full_source,single_path,uni_sor_port,coverage,284,-20.246808827699883,-1.3171251485870812,0.0,0.0,14.668304573549392,1549.1659340699432,False,47,132,105,1,0,16,284,0.0,0,N/A
20260925T210241655466Z-2efac37a,full_source,direct_split,direct,matched,255,0.0,0.0,0.0,0.697527397816651,25.7798560962112,6.014046485525659,False,96,159,0,0,0,22,159,0.0,96,6.187591922904435
20260925T210241655466Z-2efac37a,full_source,direct_split,single_path,matched,264,-376.4121268891796,-5.79837431054349,0.0,0.0,7.03050683763916,-409.6715172800309,False,43,145,76,0,24,13,168,0.0,96,-4.6647826901400515
20260925T210241655466Z-2efac37a,full_source,direct_split,path_split,matched,264,-377.27867094859397,-24.817643349521653,-0.9298633154512278,0.0,0.0,-414.98572474658886,False,0,110,154,0,24,13,264,-0.9298633154512278,0,N/A
20260925T210241655466Z-2efac37a,full_source,direct_split,incremental_graph,matched,264,-377.8445970813422,-29.353919247978702,-1.8015950085900698,0.0,0.0,-417.01265066737466,False,0,73,191,0,24,13,264,-1.8015950085900698,0,N/A
20260925T210241655466Z-2efac37a,full_source,direct_split,uni_sor_port,coverage,260,-300.77293444400607,-18.459646770225408,0.0,0.0,4.848583231164215,82.71972479360164,False,39,94,127,1,24,16,260,0.0,0,N/A
20260925T210241655466Z-2efac37a,full_source,path_split,direct,matched,255,0.0,0.0,0.8036094073980958,28.04148550958604,100.48112738085136,1398.015221392588,False,153,102,0,24,0,22,102,0.0,153,17.228656484223126
20260925T210241655466Z-2efac37a,full_source,path_split,single_path,matched,288,0.0,0.0,0.009358568375070157,4.571523087540721,24.03574069498634,4.887319374119905,False,147,141,0,0,0,13,141,0.0,147,4.351565713741769
20260925T210241655466Z-2efac37a,full_source,path_split,direct_split,matched,255,0.0,0.0,0.8036094073980958,18.5801907071481,60.984027621927346,1391.9069770437488,False,145,110,0,24,0,22,110,0.0,145,13.967310669137605
20260925T210241655466Z-2efac37a,full_source,path_split,incremental_graph,matched,288,-8.057482573274932,-3.354716809306492,-0.38554119400642356,0.0,0.0,-1.929863306389397,False,0,102,186,0,0,13,288,-0.38554119400642356,0,N/A
20260925T210241655466Z-2efac37a,full_source,path_split,uni_sor_port,coverage,284,0.0,0.0,0.0,1.9752849830530195,20.429005109920343,1554.1130175470223,False,128,156,0,1,0,16,284,0.0,0,N/A
20260925T210241655466Z-2efac37a,full_source,incremental_graph,direct,matched,255,0.0,0.0,1.568562899372265,34.01391394474425,104.20716748887156,1400.1272300688952,False,183,72,0,24,0,22,72,0.0,183,12.054355720239549
20260925T210241655466Z-2efac37a,full_source,incremental_graph,single_path,matched,288,0.0,0.0,0.6286516832678274,8.611140608167306,30.464665489667453,6.820917273818774,False,187,101,0,0,0,13,101,0.0,187,5.384190061667172
20260925T210241655466Z-2efac37a,full_source,incremental_graph,direct_split,matched,255,0.0,0.0,1.568562899372265,23.23907939534483,66.46385058075153,1394.017134281293,False,182,73,0,24,0,22,81,0.0,174,10.036239962595939
20260925T210241655466Z-2efac37a,full_source,incremental_graph,path_split,matched,288,0.0,0.0,0.3712412245027253,3.265017425748462,8.063980111196651,1.9310007367704398,False,186,102,0,0,0,13,135,0.0,153,3.128648630444954
20260925T210241655466Z-2efac37a,full_source,incremental_graph,uni_sor_port,coverage,284,0.0,0.0,0.8057388144337893,5.939703327889089,28.621644767928604,1556.0736371258088,False,199,85,0,1,0,16,131,0.0,153,5.362446395035322
20260925T210241655466Z-2efac37a,full_source,uni_sor_port,direct,coverage,254,-4.305780904208578,0.0,0.0,21.774567790407612,82.86789853111237,-15.519189296238727,False,125,103,26,24,1,22,110,0.0,144,15.885439922674049
20260925T210241655466Z-2efac37a,full_source,uni_sor_port,single_path,coverage,287,-24.220473523406362,0.0,0.0,1.2548222935340305,20.287885321261673,-169.87486616939046,False,105,132,50,0,1,13,156,0.0,131,2.66926062427254
20260925T210241655466Z-2efac37a,full_source,uni_sor_port,direct_split,coverage,254,-8.14901984038116,0.0,0.0,12.314362532592376,54.5682728462666,-21.64701801106326,False,120,94,40,24,1,22,115,0.0,139,10.755051415266838
20260925T210241655466Z-2efac37a,full_source,uni_sor_port,path_split,coverage,287,-29.376093380235915,-2.1385474070838772,0.0,0.0,0.0,-174.77563098755175,False,0,156,131,0,1,13,287,0.0,0,N/A
20260925T210241655466Z-2efac37a,full_source,uni_sor_port,incremental_graph,coverage,287,-34.49979443140045,-6.083140942488796,-0.9246596435624568,0.0,0.0,-176.70985757406584,False,0,85,202,0,1,13,287,-0.9246596435624568,0,N/A
20260925T210241589234Z-64ab5e56,matched_sor_v2_v3,direct,single_path,matched,252,-65.62014677738672,0.0,0.0,0.0,0.0,-28.856488525400227,False,0,213,39,0,24,24,252,0.0,0,N/A
20260925T210241589234Z-64ab5e56,matched_sor_v2_v3,direct,direct_split,matched,252,0.0,0.0,0.0,0.0,0.0,0.0,False,0,252,0,0,0,24,252,0.0,0,N/A
20260925T210241589234Z-64ab5e56,matched_sor_v2_v3,direct,path_split,matched,252,-65.62014677738672,0.0,0.0,0.0,0.0,-28.856488525400227,False,0,213,39,0,24,24,252,0.0,0,N/A
20260925T210241589234Z-64ab5e56,matched_sor_v2_v3,direct,incremental_graph,matched,252,-65.62014677738672,0.0,0.0,0.0,0.0,-28.856488525400227,False,0,213,39,0,24,24,252,0.0,0,N/A
20260925T210241589234Z-64ab5e56,matched_sor_v2_v3,direct,uni_sor_port,matched,260,-896.4315584426116,-32.6355998849659,-0.7255923679084347,0.0,0.0,-367.6913865966527,False,0,113,147,0,24,16,260,-0.7255923679084347,0,N/A
20260925T210241589234Z-64ab5e56,matched_sor_v2_v3,single_path,direct,matched,252,0.0,0.0,0.0,0.0,66.05359141376118,31.361349895608615,False,39,213,0,24,0,24,213,0.0,39,46.765060535701785
20260925T210241589234Z-64ab5e56,matched_sor_v2_v3,single_path,direct_split,matched,252,0.0,0.0,0.0,0.0,66.05359141376118,31.361349895608615,False,39,213,0,24,0,24,213,0.0,39,46.765060535701785
20260925T210241589234Z-64ab5e56,matched_sor_v2_v3,single_path,path_split,matched,276,0.0,0.0,0.0,0.0,0.0,0.0,False,0,276,0,0,0,24,276,0.0,0,N/A
20260925T210241589234Z-64ab5e56,matched_sor_v2_v3,single_path,incremental_graph,matched,276,0.0,0.0,0.0,0.0,0.0,-0.06487599564145509,False,0,270,6,0,0,24,276,0.0,0,N/A
20260925T210241589234Z-64ab5e56,matched_sor_v2_v3,single_path,uni_sor_port,matched,284,-77.8275562611808,-13.120290683285315,-0.02100844808465169,0.0,0.0,-311.14771426004415,False,0,141,143,0,0,16,284,-0.02100844808465169,0,N/A
20260925T210241589234Z-64ab5e56,matched_sor_v2_v3,direct_split,direct,matched,252,0.0,0.0,0.0,0.0,0.0,0.0,False,0,252,0,0,0,24,252,0.0,0,N/A
20260925T210241589234Z-64ab5e56,matched_sor_v2_v3,direct_split,single_path,matched,252,-65.62014677738672,0.0,0.0,0.0,0.0,-28.856488525400227,False,0,213,39,0,24,24,252,0.0,0,N/A
20260925T210241589234Z-64ab5e56,matched_sor_v2_v3,direct_split,path_split,matched,252,-65.62014677738672,0.0,0.0,0.0,0.0,-28.856488525400227,False,0,213,39,0,24,24,252,0.0,0,N/A
20260925T210241589234Z-64ab5e56,matched_sor_v2_v3,direct_split,incremental_graph,matched,252,-65.62014677738672,0.0,0.0,0.0,0.0,-28.856488525400227,False,0,213,39,0,24,24,252,0.0,0,N/A
20260925T210241589234Z-64ab5e56,matched_sor_v2_v3,direct_split,uni_sor_port,matched,260,-896.4315584426116,-32.6355998849659,-0.7255923679084347,0.0,0.0,-367.6913865966527,False,0,113,147,0,24,16,260,-0.7255923679084347,0,N/A
20260925T210241589234Z-64ab5e56,matched_sor_v2_v3,path_split,direct,matched,252,0.0,0.0,0.0,0.0,66.05359141376118,31.361349895608615,False,39,213,0,24,0,24,213,0.0,39,46.765060535701785
20260925T210241589234Z-64ab5e56,matched_sor_v2_v3,path_split,single_path,matched,276,0.0,0.0,0.0,0.0,0.0,0.0,False,0,276,0,0,0,24,276,0.0,0,N/A
20260925T210241589234Z-64ab5e56,matched_sor_v2_v3,path_split,direct_split,matched,252,0.0,0.0,0.0,0.0,66.05359141376118,31.361349895608615,False,39,213,0,24,0,24,213,0.0,39,46.765060535701785
20260925T210241589234Z-64ab5e56,matched_sor_v2_v3,path_split,incremental_graph,matched,276,0.0,0.0,0.0,0.0,0.0,-0.06487599564145509,False,0,270,6,0,0,24,276,0.0,0,N/A
20260925T210241589234Z-64ab5e56,matched_sor_v2_v3,path_split,uni_sor_port,matched,284,-77.8275562611808,-13.120290683285315,-0.02100844808465169,0.0,0.0,-311.14771426004415,False,0,141,143,0,0,16,284,-0.02100844808465169,0,N/A
20260925T210241589234Z-64ab5e56,matched_sor_v2_v3,incremental_graph,direct,matched,252,0.0,0.0,0.0,0.0,66.05359141376118,31.361349895608615,False,39,213,0,24,0,24,213,0.0,39,46.765060535701785
20260925T210241589234Z-64ab5e56,matched_sor_v2_v3,incremental_graph,single_path,matched,276,0.0,0.0,0.0,0.0,0.0,0.06490858921843023,False,6,270,0,0,0,24,270,0.0,6,0.6286516832678274
20260925T210241589234Z-64ab5e56,matched_sor_v2_v3,incremental_graph,direct_split,matched,252,0.0,0.0,0.0,0.0,66.05359141376118,31.361349895608615,False,39,213,0,24,0,24,213,0.0,39,46.765060535701785
20260925T210241589234Z-64ab5e56,matched_sor_v2_v3,incremental_graph,path_split,matched,276,0.0,0.0,0.0,0.0,0.0,0.06490858921843023,False,6,270,0,0,0,24,270,0.0,6,0.6286516832678274
20260925T210241589234Z-64ab5e56,matched_sor_v2_v3,incremental_graph,uni_sor_port,matched,284,-77.8275562611808,-13.120290683285315,-0.02100844808465169,0.0,0.0,-311.08463408178966,False,6,135,143,0,0,16,278,-0.059774444772796045,6,0.6286516832678274
20260925T210241589234Z-64ab5e56,matched_sor_v2_v3,uni_sor_port,direct,matched,252,0.0,0.0,0.4686423492438286,30.28999508943483,97.74812893300631,84.7530422216951,False,139,113,0,24,0,24,110,0.0,142,28.101980425421434
20260925T210241589234Z-64ab5e56,matched_sor_v2_v3,uni_sor_port,single_path,matched,276,0.0,0.0,0.0,11.584349990964185,54.58798936772058,48.59097766667673,False,135,141,0,0,0,24,145,0.0,131,11.584349990964185
20260925T210241589234Z-64ab5e56,matched_sor_v2_v3,uni_sor_port,direct_split,matched,252,0.0,0.0,0.4686423492438286,30.28999508943483,97.74812893300631,84.7530422216951,False,139,113,0,24,0,24,115,0.0,137,28.101980425421434
20260925T210241589234Z-64ab5e56,matched_sor_v2_v3,uni_sor_port,path_split,matched,276,0.0,0.0,0.0,11.584349990964185,54.58798936772058,48.59097766667673,False,135,141,0,0,0,24,276,0.0,0,N/A
20260925T210241589234Z-64ab5e56,matched_sor_v2_v3,uni_sor_port,incremental_graph,matched,276,0.0,0.0,0.0,11.584349990964185,54.58798936772058,48.52610167103527,False,135,135,6,0,0,24,276,0.0,0,N/A
20260925T210241633559Z-c3ccc41a,full_source,direct,single_path,matched,253,-54.0077922111379,0.0,0.0,0.0,0.0,-19.082948495416943,False,0,216,37,0,24,24,253,0.0,0,N/A
20260925T210241633559Z-c3ccc41a,full_source,direct,direct_split,matched,255,-1.5337601412027002,0.0,0.0,0.0,0.0,-121.9327098091044,False,0,229,26,0,0,22,255,0.0,0,N/A
20260925T210241633559Z-c3ccc41a,full_source,direct,path_split,matched,253,-54.0077922111379,0.0,0.0,0.0,0.0,-19.082948495416943,False,0,216,37,0,24,24,253,0.0,0,N/A
20260925T210241633559Z-c3ccc41a,full_source,direct,incremental_graph,matched,253,-54.0077922111379,0.0,0.0,0.0,0.0,-19.082948495416943,False,0,216,37,0,24,24,253,0.0,0,N/A
20260925T210241633559Z-c3ccc41a,full_source,direct,uni_sor_port,coverage,260,-734.908120236513,-27.794302952103934,-0.13231169357089798,0.0,2.3445374425851977,-351.42200100180867,False,20,103,137,1,24,16,260,-0.13231169357089798,0,N/A
20260925T210241633559Z-c3ccc41a,full_source,single_path,direct,matched,253,0.0,0.0,0.0,0.0,54.30106024901523,20.288700669476675,False,37,216,0,24,0,24,216,0.0,37,45.1661385514488
20260925T210241633559Z-c3ccc41a,full_source,single_path,direct_split,matched,255,-0.1036943404231665,0.0,0.0,0.0,54.30106024901523,-102.49932897810552,False,37,196,22,24,0,22,218,0.0,37,45.1661385514488
20260925T210241633559Z-c3ccc41a,full_source,single_path,path_split,matched,277,0.0,0.0,0.0,0.0,0.0,0.0,False,0,277,0,0,0,24,277,0.0,0,N/A
20260925T210241633559Z-c3ccc41a,full_source,single_path,incremental_graph,matched,277,0.0,0.0,0.0,0.0,0.0,-0.06991165145902282,False,0,268,9,0,0,24,277,0.0,0,N/A
20260925T210241633559Z-c3ccc41a,full_source,single_path,uni_sor_port,coverage,284,-54.29162231753797,-5.960327274448236,0.0,0.0,4.307635677752933,-304.72631253208186,False,29,131,124,1,0,16,284,0.0,0,N/A
20260925T210241633559Z-c3ccc41a,full_source,direct_split,direct,matched,253,0.0,0.0,0.0,0.0,0.16189808232396063,403.57949027499166,False,24,229,0,0,0,24,249,0.0,4,468.570837101714
20260925T210241633559Z-c3ccc41a,full_source,direct_split,single_path,matched,253,-54.0077922111379,0.0,0.0,0.0,0.10178778120086317,383.81916600934164,False,20,196,37,0,24,24,249,0.0,4,-376.41212639817985
20260925T210241633559Z-c3ccc41a,full_source,direct_split,path_split,matched,253,-54.0077922111379,0.0,0.0,0.0,0.10178778120086317,383.81916600934164,False,20,196,37,0,24,24,253,0.0,0,N/A
20260925T210241633559Z-c3ccc41a,full_source,direct_split,incremental_graph,matched,253,-54.0077922111379,0.0,0.0,0.0,0.10178778120086317,383.81916600934164,False,20,196,37,0,24,24,253,0.0,0,N/A
20260925T210241633559Z-c3ccc41a,full_source,direct_split,uni_sor_port,coverage,260,-300.77293444400607,-26.238092397098896,-0.026162918656159866,0.0,2.797210715940009,79.09428755459733,False,25,103,132,1,24,16,260,-0.026162918656159866,0,N/A
20260925T210241633559Z-c3ccc41a,full_source,path_split,direct,matched,253,0.0,0.0,0.0,0.0,54.30106024901523,20.288700669476675,False,37,216,0,24,0,24,216,0.0,37,45.1661385514488
20260925T210241633559Z-c3ccc41a,full_source,path_split,single_path,matched,277,0.0,0.0,0.0,0.0,0.0,0.0,False,0,277,0,0,0,24,277,0.0,0,N/A
20260925T210241633559Z-c3ccc41a,full_source,path_split,direct_split,matched,255,-0.1036943404231665,0.0,0.0,0.0,54.30106024901523,-102.49932897810552,False,37,196,22,24,0,22,218,0.0,37,45.1661385514488
20260925T210241633559Z-c3ccc41a,full_source,path_split,incremental_graph,matched,277,0.0,0.0,0.0,0.0,0.0,-0.06991165145902282,False,0,268,9,0,0,24,277,0.0,0,N/A
20260925T210241633559Z-c3ccc41a,full_source,path_split,uni_sor_port,coverage,284,-54.29162231753797,-5.960327274448236,0.0,0.0,4.307635677752933,-304.72631253208186,False,29,131,124,1,0,16,284,0.0,0,N/A
20260925T210241633559Z-c3ccc41a,full_source,incremental_graph,direct,matched,253,0.0,0.0,0.0,0.0,54.30106024901523,20.288700669476675,False,37,216,0,24,0,24,216,0.0,37,45.1661385514488
20260925T210241633559Z-c3ccc41a,full_source,incremental_graph,single_path,matched,277,0.0,0.0,0.0,0.0,0.0,0.06994438495793134,False,9,268,0,0,0,24,268,0.0,9,0.5706309626613324
20260925T210241633559Z-c3ccc41a,full_source,incremental_graph,direct_split,matched,255,-0.1036943404231665,0.0,0.0,0.0,54.30106024901523,-102.49932897810552,False,37,196,22,24,0,22,218,0.0,37,45.1661385514488
20260925T210241633559Z-c3ccc41a,full_source,incremental_graph,path_split,matched,277,0.0,0.0,0.0,0.0,0.0,0.06994438495793134,False,9,268,0,0,0,24,268,0.0,9,0.5706309626613324
20260925T210241633559Z-c3ccc41a,full_source,incremental_graph,uni_sor_port,coverage,284,-54.29162231753797,-5.960327274448236,0.0,0.0,5.355902579102851,-304.65809212844334,False,38,122,124,1,0,16,275,0.0,9,0.5706309626613324
20260925T210241633559Z-c3ccc41a,full_source,uni_sor_port,direct,coverage,252,-2.7964284959644816,0.0,0.026162987106170214,21.774567790407612,82.86789853111237,66.36501661477998,False,129,103,20,24,1,24,110,0.0,142,15.925496920824669
20260925T210241633559Z-c3ccc41a,full_source,uni_sor_port,single_path,coverage,276,-4.846233494518632,0.0,0.0,4.6282614284362245,40.43086278996117,41.994239080596,False,116,131,29,0,1,24,145,0.0,131,4.6282614284362245
20260925T210241633559Z-c3ccc41a,full_source,uni_sor_port,direct_split,coverage,254,-4.305780904208578,0.0,0.0,21.774567790407612,82.86789853111237,-17.89911402770029,False,125,103,26,24,1,22,115,0.0,139,18.19142802295817
20260925T210241633559Z-c3ccc41a,full_source,uni_sor_port,path_split,coverage,276,-4.846233494518632,0.0,0.0,4.6282614284362245,40.43086278996117,41.994239080596,False,116,131,29,0,1,24,276,0.0,0,N/A
20260925T210241633559Z-c3ccc41a,full_source,uni_sor_port,incremental_graph,coverage,276,-5.636994462199302,0.0,0.0,4.6282614284362245,40.43086278996117,41.924074126051984,False,116,122,38,0,1,24,276,0.0,0,N/A
