run_id,cohort,algorithm,baseline,scenario,n,p5,p25,p50,p75,p95,mean,underpowered,both_ok_unranked,nonpositive_baseline,scenario_reversals,gross_vs_net_reversals
20260925T210241589234Z-64ab5e56,matched_sor_v2_v3,direct,single_path,nominal,236,-52.01890188081143,0.0,0.0,0.0,0.0,-28.6604742317611,False,0,40,3,0
20260925T210241589234Z-64ab5e56,matched_sor_v2_v3,direct,single_path,low,236,-56.886900529753746,0.0,0.0,0.0,0.0,-29.47738360055258,False,0,40,3,0
20260925T210241589234Z-64ab5e56,matched_sor_v2_v3,direct,single_path,high,236,-38.73853265374657,0.0,0.0,0.0,0.0,-28.120636024949864,False,0,40,3,0
20260925T210241589234Z-64ab5e56,matched_sor_v2_v3,direct,direct_split,nominal,236,0.0,0.0,0.0,0.0,0.0,0.0,False,0,40,0,0
20260925T210241589234Z-64ab5e56,matched_sor_v2_v3,direct,direct_split,low,236,0.0,0.0,0.0,0.0,0.0,0.0,False,0,40,0,0
20260925T210241589234Z-64ab5e56,matched_sor_v2_v3,direct,direct_split,high,236,0.0,0.0,0.0,0.0,0.0,0.0,False,0,40,0,0
20260925T210241589234Z-64ab5e56,matched_sor_v2_v3,direct,path_split,nominal,236,-52.01890188081143,0.0,0.0,0.0,0.0,-28.6604742317611,False,0,40,3,0
20260925T210241589234Z-64ab5e56,matched_sor_v2_v3,direct,path_split,low,236,-56.886900529753746,0.0,0.0,0.0,0.0,-29.47738360055258,False,0,40,3,0
20260925T210241589234Z-64ab5e56,matched_sor_v2_v3,direct,path_split,high,236,-38.73853265374657,0.0,0.0,0.0,0.0,-28.120636024949864,False,0,40,3,0
20260925T210241589234Z-64ab5e56,matched_sor_v2_v3,direct,incremental_graph,nominal,236,-52.01890188081143,0.0,0.0,0.0,0.0,-28.6604742317611,False,0,40,3,0
20260925T210241589234Z-64ab5e56,matched_sor_v2_v3,direct,incremental_graph,low,236,-56.886900529753746,0.0,0.0,0.0,0.0,-29.47738360055258,False,0,40,3,0
20260925T210241589234Z-64ab5e56,matched_sor_v2_v3,direct,incremental_graph,high,236,-38.73853265374657,0.0,0.0,0.0,0.0,-28.120636024949864,False,0,40,3,0
20260925T210241589234Z-64ab5e56,matched_sor_v2_v3,direct,uni_sor_port,nominal,105,0.0,0.0,0.0,0.0,0.0,-0.5977080058328229,False,138,33,1,5
20260925T210241589234Z-64ab5e56,matched_sor_v2_v3,direct,uni_sor_port,low,105,0.0,0.0,0.0,0.0,0.0,-0.7727680572389746,False,138,33,1,5
20260925T210241589234Z-64ab5e56,matched_sor_v2_v3,direct,uni_sor_port,high,105,0.0,0.0,0.0,0.0,0.0,-0.5878074634627859,False,138,33,1,5
20260925T210241589234Z-64ab5e56,matched_sor_v2_v3,single_path,direct,nominal,236,0.0,0.0,0.0,0.0,52.29091347051953,31.31834681972749,False,0,40,3,0
20260925T210241589234Z-64ab5e56,matched_sor_v2_v3,single_path,direct,low,236,0.0,0.0,0.0,0.0,57.21236393538015,32.14037094414754,False,0,40,3,0
20260925T210241589234Z-64ab5e56,matched_sor_v2_v3,single_path,direct,high,236,0.0,0.0,0.0,0.0,38.88918364479672,30.77752894386373,False,0,40,3,0
20260925T210241589234Z-64ab5e56,matched_sor_v2_v3,single_path,direct_split,nominal,236,0.0,0.0,0.0,0.0,52.29091347051953,31.31834681972749,False,0,40,3,0
20260925T210241589234Z-64ab5e56,matched_sor_v2_v3,single_path,direct_split,low,236,0.0,0.0,0.0,0.0,57.21236393538015,32.14037094414754,False,0,40,3,0
20260925T210241589234Z-64ab5e56,matched_sor_v2_v3,single_path,direct_split,high,236,0.0,0.0,0.0,0.0,38.88918364479672,30.77752894386373,False,0,40,3,0
20260925T210241589234Z-64ab5e56,matched_sor_v2_v3,single_path,path_split,nominal,248,0.0,0.0,0.0,0.0,0.0,0.0,False,12,40,0,0
20260925T210241589234Z-64ab5e56,matched_sor_v2_v3,single_path,path_split,low,248,0.0,0.0,0.0,0.0,0.0,0.0,False,12,40,0,0
20260925T210241589234Z-64ab5e56,matched_sor_v2_v3,single_path,path_split,high,248,0.0,0.0,0.0,0.0,0.0,0.0,False,12,40,0,0
20260925T210241589234Z-64ab5e56,matched_sor_v2_v3,single_path,incremental_graph,nominal,248,0.0,0.0,0.0,0.0,0.0,0.0,False,12,40,0,0
20260925T210241589234Z-64ab5e56,matched_sor_v2_v3,single_path,incremental_graph,low,248,0.0,0.0,0.0,0.0,0.0,0.0,False,12,40,0,0
20260925T210241589234Z-64ab5e56,matched_sor_v2_v3,single_path,incremental_graph,high,248,0.0,0.0,0.0,0.0,0.0,0.0,False,12,40,0,0
20260925T210241589234Z-64ab5e56,matched_sor_v2_v3,single_path,uni_sor_port,nominal,117,0.0,0.0,0.0,0.0,0.0,0.0,False,150,33,0,5
20260925T210241589234Z-64ab5e56,matched_sor_v2_v3,single_path,uni_sor_port,low,117,0.0,0.0,0.0,0.0,0.0,0.0,False,150,33,0,5
20260925T210241589234Z-64ab5e56,matched_sor_v2_v3,single_path,uni_sor_port,high,117,0.0,0.0,0.0,0.0,0.0,0.0,False,150,33,0,5
20260925T210241589234Z-64ab5e56,matched_sor_v2_v3,direct_split,direct,nominal,236,0.0,0.0,0.0,0.0,0.0,0.0,False,0,40,0,0
20260925T210241589234Z-64ab5e56,matched_sor_v2_v3,direct_split,direct,low,236,0.0,0.0,0.0,0.0,0.0,0.0,False,0,40,0,0
20260925T210241589234Z-64ab5e56,matched_sor_v2_v3,direct_split,direct,high,236,0.0,0.0,0.0,0.0,0.0,0.0,False,0,40,0,0
20260925T210241589234Z-64ab5e56,matched_sor_v2_v3,direct_split,single_path,nominal,236,-52.01890188081143,0.0,0.0,0.0,0.0,-28.6604742317611,False,0,40,3,0
20260925T210241589234Z-64ab5e56,matched_sor_v2_v3,direct_split,single_path,low,236,-56.886900529753746,0.0,0.0,0.0,0.0,-29.47738360055258,False,0,40,3,0
20260925T210241589234Z-64ab5e56,matched_sor_v2_v3,direct_split,single_path,high,236,-38.73853265374657,0.0,0.0,0.0,0.0,-28.120636024949864,False,0,40,3,0
20260925T210241589234Z-64ab5e56,matched_sor_v2_v3,direct_split,path_split,nominal,236,-52.01890188081143,0.0,0.0,0.0,0.0,-28.6604742317611,False,0,40,3,0
20260925T210241589234Z-64ab5e56,matched_sor_v2_v3,direct_split,path_split,low,236,-56.886900529753746,0.0,0.0,0.0,0.0,-29.47738360055258,False,0,40,3,0
20260925T210241589234Z-64ab5e56,matched_sor_v2_v3,direct_split,path_split,high,236,-38.73853265374657,0.0,0.0,0.0,0.0,-28.120636024949864,False,0,40,3,0
20260925T210241589234Z-64ab5e56,matched_sor_v2_v3,direct_split,incremental_graph,nominal,236,-52.01890188081143,0.0,0.0,0.0,0.0,-28.6604742317611,False,0,40,3,0
20260925T210241589234Z-64ab5e56,matched_sor_v2_v3,direct_split,incremental_graph,low,236,-56.886900529753746,0.0,0.0,0.0,0.0,-29.47738360055258,False,0,40,3,0
20260925T210241589234Z-64ab5e56,matched_sor_v2_v3,direct_split,incremental_graph,high,236,-38.73853265374657,0.0,0.0,0.0,0.0,-28.120636024949864,False,0,40,3,0
20260925T210241589234Z-64ab5e56,matched_sor_v2_v3,direct_split,uni_sor_port,nominal,105,0.0,0.0,0.0,0.0,0.0,-0.5977080058328229,False,138,33,1,5
20260925T210241589234Z-64ab5e56,matched_sor_v2_v3,direct_split,uni_sor_port,low,105,0.0,0.0,0.0,0.0,0.0,-0.7727680572389746,False,138,33,1,5
20260925T210241589234Z-64ab5e56,matched_sor_v2_v3,direct_split,uni_sor_port,high,105,0.0,0.0,0.0,0.0,0.0,-0.5878074634627859,False,138,33,1,5
20260925T210241589234Z-64ab5e56,matched_sor_v2_v3,path_split,direct,nominal,236,0.0,0.0,0.0,0.0,52.29091347051953,31.31834681972749,False,0,40,3,0
20260925T210241589234Z-64ab5e56,matched_sor_v2_v3,path_split,direct,low,236,0.0,0.0,0.0,0.0,57.21236393538015,32.14037094414754,False,0,40,3,0
20260925T210241589234Z-64ab5e56,matched_sor_v2_v3,path_split,direct,high,236,0.0,0.0,0.0,0.0,38.88918364479672,30.77752894386373,False,0,40,3,0
20260925T210241589234Z-64ab5e56,matched_sor_v2_v3,path_split,single_path,nominal,248,0.0,0.0,0.0,0.0,0.0,0.0,False,12,40,0,0
20260925T210241589234Z-64ab5e56,matched_sor_v2_v3,path_split,single_path,low,248,0.0,0.0,0.0,0.0,0.0,0.0,False,12,40,0,0
20260925T210241589234Z-64ab5e56,matched_sor_v2_v3,path_split,single_path,high,248,0.0,0.0,0.0,0.0,0.0,0.0,False,12,40,0,0
20260925T210241589234Z-64ab5e56,matched_sor_v2_v3,path_split,direct_split,nominal,236,0.0,0.0,0.0,0.0,52.29091347051953,31.31834681972749,False,0,40,3,0
20260925T210241589234Z-64ab5e56,matched_sor_v2_v3,path_split,direct_split,low,236,0.0,0.0,0.0,0.0,57.21236393538015,32.14037094414754,False,0,40,3,0
20260925T210241589234Z-64ab5e56,matched_sor_v2_v3,path_split,direct_split,high,236,0.0,0.0,0.0,0.0,38.88918364479672,30.77752894386373,False,0,40,3,0
20260925T210241589234Z-64ab5e56,matched_sor_v2_v3,path_split,incremental_graph,nominal,248,0.0,0.0,0.0,0.0,0.0,0.0,False,12,40,0,0
20260925T210241589234Z-64ab5e56,matched_sor_v2_v3,path_split,incremental_graph,low,248,0.0,0.0,0.0,0.0,0.0,0.0,False,12,40,0,0
20260925T210241589234Z-64ab5e56,matched_sor_v2_v3,path_split,incremental_graph,high,248,0.0,0.0,0.0,0.0,0.0,0.0,False,12,40,0,0
20260925T210241589234Z-64ab5e56,matched_sor_v2_v3,path_split,uni_sor_port,nominal,117,0.0,0.0,0.0,0.0,0.0,0.0,False,150,33,0,5
20260925T210241589234Z-64ab5e56,matched_sor_v2_v3,path_split,uni_sor_port,low,117,0.0,0.0,0.0,0.0,0.0,0.0,False,150,33,0,5
20260925T210241589234Z-64ab5e56,matched_sor_v2_v3,path_split,uni_sor_port,high,117,0.0,0.0,0.0,0.0,0.0,0.0,False,150,33,0,5
20260925T210241589234Z-64ab5e56,matched_sor_v2_v3,incremental_graph,direct,nominal,236,0.0,0.0,0.0,0.0,52.29091347051953,31.31834681972749,False,0,40,3,0
20260925T210241589234Z-64ab5e56,matched_sor_v2_v3,incremental_graph,direct,low,236,0.0,0.0,0.0,0.0,57.21236393538015,32.14037094414754,False,0,40,3,0
20260925T210241589234Z-64ab5e56,matched_sor_v2_v3,incremental_graph,direct,high,236,0.0,0.0,0.0,0.0,38.88918364479672,30.77752894386373,False,0,40,3,0
20260925T210241589234Z-64ab5e56,matched_sor_v2_v3,incremental_graph,single_path,nominal,248,0.0,0.0,0.0,0.0,0.0,0.0,False,12,40,0,0
20260925T210241589234Z-64ab5e56,matched_sor_v2_v3,incremental_graph,single_path,low,248,0.0,0.0,0.0,0.0,0.0,0.0,False,12,40,0,0
20260925T210241589234Z-64ab5e56,matched_sor_v2_v3,incremental_graph,single_path,high,248,0.0,0.0,0.0,0.0,0.0,0.0,False,12,40,0,0
20260925T210241589234Z-64ab5e56,matched_sor_v2_v3,incremental_graph,direct_split,nominal,236,0.0,0.0,0.0,0.0,52.29091347051953,31.31834681972749,False,0,40,3,0
20260925T210241589234Z-64ab5e56,matched_sor_v2_v3,incremental_graph,direct_split,low,236,0.0,0.0,0.0,0.0,57.21236393538015,32.14037094414754,False,0,40,3,0
20260925T210241589234Z-64ab5e56,matched_sor_v2_v3,incremental_graph,direct_split,high,236,0.0,0.0,0.0,0.0,38.88918364479672,30.77752894386373,False,0,40,3,0
20260925T210241589234Z-64ab5e56,matched_sor_v2_v3,incremental_graph,path_split,nominal,248,0.0,0.0,0.0,0.0,0.0,0.0,False,12,40,0,0
20260925T210241589234Z-64ab5e56,matched_sor_v2_v3,incremental_graph,path_split,low,248,0.0,0.0,0.0,0.0,0.0,0.0,False,12,40,0,0
20260925T210241589234Z-64ab5e56,matched_sor_v2_v3,incremental_graph,path_split,high,248,0.0,0.0,0.0,0.0,0.0,0.0,False,12,40,0,0
20260925T210241589234Z-64ab5e56,matched_sor_v2_v3,incremental_graph,uni_sor_port,nominal,117,0.0,0.0,0.0,0.0,0.0,0.0,False,150,33,0,5
20260925T210241589234Z-64ab5e56,matched_sor_v2_v3,incremental_graph,uni_sor_port,low,117,0.0,0.0,0.0,0.0,0.0,0.0,False,150,33,0,5
20260925T210241589234Z-64ab5e56,matched_sor_v2_v3,incremental_graph,uni_sor_port,high,117,0.0,0.0,0.0,0.0,0.0,0.0,False,150,33,0,5
20260925T210241589234Z-64ab5e56,matched_sor_v2_v3,uni_sor_port,direct,nominal,105,0.0,0.0,0.0,0.0,0.0,0.5989507020639938,False,138,33,1,5
20260925T210241589234Z-64ab5e56,matched_sor_v2_v3,uni_sor_port,direct,low,105,0.0,0.0,0.0,0.0,0.0,0.774507840960787,False,138,33,1,5
20260925T210241589234Z-64ab5e56,matched_sor_v2_v3,uni_sor_port,direct,high,105,0.0,0.0,0.0,0.0,0.0,0.5890292044482112,False,138,33,1,5
20260925T210241589234Z-64ab5e56,matched_sor_v2_v3,uni_sor_port,single_path,nominal,117,0.0,0.0,0.0,0.0,0.0,0.0,False,150,33,0,5
20260925T210241589234Z-64ab5e56,matched_sor_v2_v3,uni_sor_port,single_path,low,117,0.0,0.0,0.0,0.0,0.0,0.0,False,150,33,0,5
20260925T210241589234Z-64ab5e56,matched_sor_v2_v3,uni_sor_port,single_path,high,117,0.0,0.0,0.0,0.0,0.0,0.0,False,150,33,0,5
20260925T210241589234Z-64ab5e56,matched_sor_v2_v3,uni_sor_port,direct_split,nominal,105,0.0,0.0,0.0,0.0,0.0,0.5989507020639938,False,138,33,1,5
20260925T210241589234Z-64ab5e56,matched_sor_v2_v3,uni_sor_port,direct_split,low,105,0.0,0.0,0.0,0.0,0.0,0.774507840960787,False,138,33,1,5
20260925T210241589234Z-64ab5e56,matched_sor_v2_v3,uni_sor_port,direct_split,high,105,0.0,0.0,0.0,0.0,0.0,0.5890292044482112,False,138,33,1,5
20260925T210241589234Z-64ab5e56,matched_sor_v2_v3,uni_sor_port,path_split,nominal,117,0.0,0.0,0.0,0.0,0.0,0.0,False,150,33,0,5
20260925T210241589234Z-64ab5e56,matched_sor_v2_v3,uni_sor_port,path_split,low,117,0.0,0.0,0.0,0.0,0.0,0.0,False,150,33,0,5
20260925T210241589234Z-64ab5e56,matched_sor_v2_v3,uni_sor_port,path_split,high,117,0.0,0.0,0.0,0.0,0.0,0.0,False,150,33,0,5
20260925T210241589234Z-64ab5e56,matched_sor_v2_v3,uni_sor_port,incremental_graph,nominal,117,0.0,0.0,0.0,0.0,0.0,0.0,False,150,33,0,5
20260925T210241589234Z-64ab5e56,matched_sor_v2_v3,uni_sor_port,incremental_graph,low,117,0.0,0.0,0.0,0.0,0.0,0.0,False,150,33,0,5
20260925T210241589234Z-64ab5e56,matched_sor_v2_v3,uni_sor_port,incremental_graph,high,117,0.0,0.0,0.0,0.0,0.0,0.0,False,150,33,0,5
20260925T210241633559Z-c3ccc41a,full_source,direct,single_path,nominal,236,-43.877336186519976,0.0,0.0,0.0,0.0,-18.20029970474129,False,0,41,8,0
20260925T210241633559Z-c3ccc41a,full_source,direct,single_path,low,236,-50.62998455166091,0.0,0.0,0.0,0.0,-19.054600689290435,False,0,41,8,0
20260925T210241633559Z-c3ccc41a,full_source,direct,single_path,high,236,-27.35039021710248,0.0,0.0,0.0,0.0,-16.44333802327459,False,0,41,8,0
20260925T210241633559Z-c3ccc41a,full_source,direct,direct_split,nominal,232,0.0,0.0,0.0,0.0,4.664949946855974,0.7740165036046915,False,4,41,1,22
20260925T210241633559Z-c3ccc41a,full_source,direct,direct_split,low,232,0.0,0.0,0.0,0.0,3.1705396632717715,0.4955052519652552,False,4,41,1,22
20260925T210241633559Z-c3ccc41a,full_source,direct,direct_split,high,232,0.0,0.0,0.0,0.0,7.447342972349846,1.2982412441329483,False,4,41,1,22
20260925T210241633559Z-c3ccc41a,full_source,direct,path_split,nominal,236,-43.877336186519976,0.0,0.0,0.0,0.0,-18.20029970474129,False,0,41,8,0
20260925T210241633559Z-c3ccc41a,full_source,direct,path_split,low,236,-50.62998455166091,0.0,0.0,0.0,0.0,-19.054600689290435,False,0,41,8,0
20260925T210241633559Z-c3ccc41a,full_source,direct,path_split,high,236,-27.35039021710248,0.0,0.0,0.0,0.0,-16.44333802327459,False,0,41,8,0
20260925T210241633559Z-c3ccc41a,full_source,direct,incremental_graph,nominal,236,-43.877336186519976,0.0,0.0,0.0,0.0,-18.20029970474129,False,0,41,8,0
20260925T210241633559Z-c3ccc41a,full_source,direct,incremental_graph,low,236,-50.62998455166091,0.0,0.0,0.0,0.0,-19.054600689290435,False,0,41,8,0
20260925T210241633559Z-c3ccc41a,full_source,direct,incremental_graph,high,236,-27.35039021710248,0.0,0.0,0.0,0.0,-16.44333802327459,False,0,41,8,0
20260925T210241633559Z-c3ccc41a,full_source,direct,uni_sor_port,nominal,105,0.0,0.0,0.0,0.0,2.0416175349097143,-0.387699363253908,False,138,33,1,5
20260925T210241633559Z-c3ccc41a,full_source,direct,uni_sor_port,low,105,0.0,0.0,0.0,0.0,2.129380278034159,-0.5596465679127797,False,138,33,1,5
20260925T210241633559Z-c3ccc41a,full_source,direct,uni_sor_port,high,105,0.0,0.0,0.0,0.0,1.8787510400130334,-0.3835742192145125,False,138,33,1,5
20260925T210241633559Z-c3ccc41a,full_source,single_path,direct,nominal,236,0.0,0.0,0.0,0.0,44.070706707940154,19.476674301124227,False,0,41,8,0
20260925T210241633559Z-c3ccc41a,full_source,single_path,direct,low,236,0.0,0.0,0.0,0.0,50.887628536327405,20.335801084278877,False,0,41,8,0
20260925T210241633559Z-c3ccc41a,full_source,single_path,direct,high,236,0.0,0.0,0.0,0.0,27.425399755620102,17.718582620265348,False,0,41,8,0
20260925T210241633559Z-c3ccc41a,full_source,single_path,direct_split,nominal,232,0.0,0.0,0.0,0.0,27.504447872378677,5.261427134895357,False,4,41,9,22
20260925T210241633559Z-c3ccc41a,full_source,single_path,direct_split,low,232,0.0,0.0,0.0,0.0,29.03762760496549,5.8518214609224595,False,4,41,9,22
20260925T210241633559Z-c3ccc41a,full_source,single_path,direct_split,high,232,0.0,0.0,0.0,0.0,27.42539828504627,4.0120782654236296,False,4,41,9,22
20260925T210241633559Z-c3ccc41a,full_source,single_path,path_split,nominal,248,0.0,0.0,0.0,0.0,0.0,0.0,False,12,41,0,0
20260925T210241633559Z-c3ccc41a,full_source,single_path,path_split,low,248,0.0,0.0,0.0,0.0,0.0,0.0,False,12,41,0,0
20260925T210241633559Z-c3ccc41a,full_source,single_path,path_split,high,248,0.0,0.0,0.0,0.0,0.0,0.0,False,12,41,0,0
20260925T210241633559Z-c3ccc41a,full_source,single_path,incremental_graph,nominal,248,0.0,0.0,0.0,0.0,0.0,0.0,False,12,41,0,0
20260925T210241633559Z-c3ccc41a,full_source,single_path,incremental_graph,low,248,0.0,0.0,0.0,0.0,0.0,0.0,False,12,41,0,0
20260925T210241633559Z-c3ccc41a,full_source,single_path,incremental_graph,high,248,0.0,0.0,0.0,0.0,0.0,0.0,False,12,41,0,0
20260925T210241633559Z-c3ccc41a,full_source,single_path,uni_sor_port,nominal,117,0.0,0.0,0.0,0.0,2.0416175349097143,0.18846929462210302,False,150,33,0,5
20260925T210241633559Z-c3ccc41a,full_source,single_path,uni_sor_port,low,117,0.0,0.0,0.0,0.0,2.129380278034159,0.1912628750363287,False,150,33,0,5
20260925T210241633559Z-c3ccc41a,full_source,single_path,uni_sor_port,high,117,0.0,0.0,0.0,0.0,1.8787510400130334,0.18328624483819403,False,150,33,0,5
20260925T210241633559Z-c3ccc41a,full_source,direct_split,direct,nominal,232,-4.6627747857570725,0.0,0.0,0.0,0.0,-0.7725764161099147,False,4,41,1,22
20260925T210241633559Z-c3ccc41a,full_source,direct_split,direct,low,232,-3.1695347497079647,0.0,0.0,0.0,0.0,-0.49491973415800183,False,4,41,1,22
20260925T210241633559Z-c3ccc41a,full_source,direct_split,direct,high,232,-7.4418008080548965,0.0,0.0,0.0,0.0,-1.2941323755108955,False,4,41,1,22
20260925T210241633559Z-c3ccc41a,full_source,direct_split,single_path,nominal,232,-27.429005906065225,0.0,0.0,0.0,0.0,-5.224756421558521,False,4,41,9,22
20260925T210241633559Z-c3ccc41a,full_source,direct_split,single_path,low,232,-28.953553354949335,0.0,0.0,0.0,0.0,-5.811842910924184,False,4,41,9,22
20260925T210241633559Z-c3ccc41a,full_source,direct_split,single_path,high,232,-27.350388754561802,0.0,0.0,0.0,0.0,-3.971798376575502,False,4,41,9,22
20260925T210241633559Z-c3ccc41a,full_source,direct_split,path_split,nominal,232,-27.429005906065225,0.0,0.0,0.0,0.0,-5.224756421558521,False,4,41,9,22
20260925T210241633559Z-c3ccc41a,full_source,direct_split,path_split,low,232,-28.953553354949335,0.0,0.0,0.0,0.0,-5.811842910924184,False,4,41,9,22
20260925T210241633559Z-c3ccc41a,full_source,direct_split,path_split,high,232,-27.350388754561802,0.0,0.0,0.0,0.0,-3.971798376575502,False,4,41,9,22
20260925T210241633559Z-c3ccc41a,full_source,direct_split,incremental_graph,nominal,232,-27.429005906065225,0.0,0.0,0.0,0.0,-5.224756421558521,False,4,41,9,22
20260925T210241633559Z-c3ccc41a,full_source,direct_split,incremental_graph,low,232,-28.953553354949335,0.0,0.0,0.0,0.0,-5.811842910924184,False,4,41,9,22
20260925T210241633559Z-c3ccc41a,full_source,direct_split,incremental_graph,high,232,-27.350388754561802,0.0,0.0,0.0,0.0,-3.971798376575502,False,4,41,9,22
20260925T210241633559Z-c3ccc41a,full_source,direct_split,uni_sor_port,nominal,105,0.0,0.0,0.0,0.0,2.0416175349097143,-0.387699363253908,False,138,33,1,5
20260925T210241633559Z-c3ccc41a,full_source,direct_split,uni_sor_port,low,105,0.0,0.0,0.0,0.0,2.129380278034159,-0.5596465679127797,False,138,33,1,5
20260925T210241633559Z-c3ccc41a,full_source,direct_split,uni_sor_port,high,105,0.0,0.0,0.0,0.0,1.8787510400130334,-0.3835742192145125,False,138,33,1,5
20260925T210241633559Z-c3ccc41a,full_source,path_split,direct,nominal,236,0.0,0.0,0.0,0.0,44.070706707940154,19.476674301124227,False,0,41,8,0
20260925T210241633559Z-c3ccc41a,full_source,path_split,direct,low,236,0.0,0.0,0.0,0.0,50.887628536327405,20.335801084278877,False,0,41,8,0
20260925T210241633559Z-c3ccc41a,full_source,path_split,direct,high,236,0.0,0.0,0.0,0.0,27.425399755620102,17.718582620265348,False,0,41,8,0
20260925T210241633559Z-c3ccc41a,full_source,path_split,single_path,nominal,248,0.0,0.0,0.0,0.0,0.0,0.0,False,12,41,0,0
20260925T210241633559Z-c3ccc41a,full_source,path_split,single_path,low,248,0.0,0.0,0.0,0.0,0.0,0.0,False,12,41,0,0
20260925T210241633559Z-c3ccc41a,full_source,path_split,single_path,high,248,0.0,0.0,0.0,0.0,0.0,0.0,False,12,41,0,0
20260925T210241633559Z-c3ccc41a,full_source,path_split,direct_split,nominal,232,0.0,0.0,0.0,0.0,27.504447872378677,5.261427134895357,False,4,41,9,22
20260925T210241633559Z-c3ccc41a,full_source,path_split,direct_split,low,232,0.0,0.0,0.0,0.0,29.03762760496549,5.8518214609224595,False,4,41,9,22
20260925T210241633559Z-c3ccc41a,full_source,path_split,direct_split,high,232,0.0,0.0,0.0,0.0,27.42539828504627,4.0120782654236296,False,4,41,9,22
20260925T210241633559Z-c3ccc41a,full_source,path_split,incremental_graph,nominal,248,0.0,0.0,0.0,0.0,0.0,0.0,False,12,41,0,0
20260925T210241633559Z-c3ccc41a,full_source,path_split,incremental_graph,low,248,0.0,0.0,0.0,0.0,0.0,0.0,False,12,41,0,0
20260925T210241633559Z-c3ccc41a,full_source,path_split,incremental_graph,high,248,0.0,0.0,0.0,0.0,0.0,0.0,False,12,41,0,0
20260925T210241633559Z-c3ccc41a,full_source,path_split,uni_sor_port,nominal,117,0.0,0.0,0.0,0.0,2.0416175349097143,0.18846929462210302,False,150,33,0,5
20260925T210241633559Z-c3ccc41a,full_source,path_split,uni_sor_port,low,117,0.0,0.0,0.0,0.0,2.129380278034159,0.1912628750363287,False,150,33,0,5
20260925T210241633559Z-c3ccc41a,full_source,path_split,uni_sor_port,high,117,0.0,0.0,0.0,0.0,1.8787510400130334,0.18328624483819403,False,150,33,0,5
20260925T210241633559Z-c3ccc41a,full_source,incremental_graph,direct,nominal,236,0.0,0.0,0.0,0.0,44.070706707940154,19.476674301124227,False,0,41,8,0
20260925T210241633559Z-c3ccc41a,full_source,incremental_graph,direct,low,236,0.0,0.0,0.0,0.0,50.887628536327405,20.335801084278877,False,0,41,8,0
20260925T210241633559Z-c3ccc41a,full_source,incremental_graph,direct,high,236,0.0,0.0,0.0,0.0,27.425399755620102,17.718582620265348,False,0,41,8,0
20260925T210241633559Z-c3ccc41a,full_source,incremental_graph,single_path,nominal,248,0.0,0.0,0.0,0.0,0.0,0.0,False,12,41,0,0
20260925T210241633559Z-c3ccc41a,full_source,incremental_graph,single_path,low,248,0.0,0.0,0.0,0.0,0.0,0.0,False,12,41,0,0
20260925T210241633559Z-c3ccc41a,full_source,incremental_graph,single_path,high,248,0.0,0.0,0.0,0.0,0.0,0.0,False,12,41,0,0
20260925T210241633559Z-c3ccc41a,full_source,incremental_graph,direct_split,nominal,232,0.0,0.0,0.0,0.0,27.504447872378677,5.261427134895357,False,4,41,9,22
20260925T210241633559Z-c3ccc41a,full_source,incremental_graph,direct_split,low,232,0.0,0.0,0.0,0.0,29.03762760496549,5.8518214609224595,False,4,41,9,22
20260925T210241633559Z-c3ccc41a,full_source,incremental_graph,direct_split,high,232,0.0,0.0,0.0,0.0,27.42539828504627,4.0120782654236296,False,4,41,9,22
20260925T210241633559Z-c3ccc41a,full_source,incremental_graph,path_split,nominal,248,0.0,0.0,0.0,0.0,0.0,0.0,False,12,41,0,0
20260925T210241633559Z-c3ccc41a,full_source,incremental_graph,path_split,low,248,0.0,0.0,0.0,0.0,0.0,0.0,False,12,41,0,0
20260925T210241633559Z-c3ccc41a,full_source,incremental_graph,path_split,high,248,0.0,0.0,0.0,0.0,0.0,0.0,False,12,41,0,0
20260925T210241633559Z-c3ccc41a,full_source,incremental_graph,uni_sor_port,nominal,117,0.0,0.0,0.0,0.0,2.0416175349097143,0.18846929462210302,False,150,33,0,5
20260925T210241633559Z-c3ccc41a,full_source,incremental_graph,uni_sor_port,low,117,0.0,0.0,0.0,0.0,2.129380278034159,0.1912628750363287,False,150,33,0,5
20260925T210241633559Z-c3ccc41a,full_source,incremental_graph,uni_sor_port,high,117,0.0,0.0,0.0,0.0,1.8787510400130334,0.18328624483819403,False,150,33,0,5
20260925T210241633559Z-c3ccc41a,full_source,uni_sor_port,direct,nominal,105,-2.041200799775205,0.0,0.0,0.0,0.0,0.3890288661125579,False,138,33,1,5
20260925T210241633559Z-c3ccc41a,full_source,uni_sor_port,direct,low,105,-2.128926948528402,0.0,0.0,0.0,0.0,0.5614747172266629,False,138,33,1,5
20260925T210241633559Z-c3ccc41a,full_source,uni_sor_port,direct,high,105,-1.8783981357679203,0.0,0.0,0.0,0.0,0.38487997509750194,False,138,33,1,5
20260925T210241633559Z-c3ccc41a,full_source,uni_sor_port,single_path,nominal,117,-2.041200799775205,0.0,0.0,0.0,0.0,-0.18839139123846815,False,150,33,0,5
20260925T210241633559Z-c3ccc41a,full_source,uni_sor_port,single_path,low,117,-2.128926948528402,0.0,0.0,0.0,0.0,-0.19118357258190627,False,150,33,0,5
20260925T210241633559Z-c3ccc41a,full_source,uni_sor_port,single_path,high,117,-1.8783981357679203,0.0,0.0,0.0,0.0,-0.18321084685320058,False,150,33,0,5
20260925T210241633559Z-c3ccc41a,full_source,uni_sor_port,direct_split,nominal,105,-2.041200799775205,0.0,0.0,0.0,0.0,0.3890288661125579,False,138,33,1,5
20260925T210241633559Z-c3ccc41a,full_source,uni_sor_port,direct_split,low,105,-2.128926948528402,0.0,0.0,0.0,0.0,0.5614747172266629,False,138,33,1,5
20260925T210241633559Z-c3ccc41a,full_source,uni_sor_port,direct_split,high,105,-1.8783981357679203,0.0,0.0,0.0,0.0,0.38487997509750194,False,138,33,1,5
20260925T210241633559Z-c3ccc41a,full_source,uni_sor_port,path_split,nominal,117,-2.041200799775205,0.0,0.0,0.0,0.0,-0.18839139123846815,False,150,33,0,5
20260925T210241633559Z-c3ccc41a,full_source,uni_sor_port,path_split,low,117,-2.128926948528402,0.0,0.0,0.0,0.0,-0.19118357258190627,False,150,33,0,5
20260925T210241633559Z-c3ccc41a,full_source,uni_sor_port,path_split,high,117,-1.8783981357679203,0.0,0.0,0.0,0.0,-0.18321084685320058,False,150,33,0,5
20260925T210241633559Z-c3ccc41a,full_source,uni_sor_port,incremental_graph,nominal,117,-2.041200799775205,0.0,0.0,0.0,0.0,-0.18839139123846815,False,150,33,0,5
20260925T210241633559Z-c3ccc41a,full_source,uni_sor_port,incremental_graph,low,117,-2.128926948528402,0.0,0.0,0.0,0.0,-0.19118357258190627,False,150,33,0,5
20260925T210241633559Z-c3ccc41a,full_source,uni_sor_port,incremental_graph,high,117,-1.8783981357679203,0.0,0.0,0.0,0.0,-0.18321084685320058,False,150,33,0,5
