run_id,cohort,algorithm,common_cases,quality_mean_bps,quality_p50_bps,best_known_share,time_p50_s,time_p95_s,coverage,pareto_efficient,underpowered
20260925T160801026614Z-8209a262,matched_sor_v2_v3,direct,264,-553.5196326142361,-7.724364794880631,0.2976190476190476,0.00043375,0.019347375,0.9139072847682119,True,False
20260925T160801026614Z-8209a262,matched_sor_v2_v3,single_path,264,-10.266245608745088,-0.8363890444688791,0.3611111111111111,1.005946417,4.686301,0.9933774834437086,True,False
20260925T160801026614Z-8209a262,matched_sor_v2_v3,direct_split,264,-535.5315783572617,-7.724364794880631,0.2976190476190476,0.001921167,1.102136666,0.9139072847682119,True,False
20260925T160801026614Z-8209a262,matched_sor_v2_v3,path_split,264,-3.3800160451667587,-0.26756841528697806,0.373015873015873,7.771853791,18.311137916,0.9933774834437086,True,False
20260925T160801026614Z-8209a262,matched_sor_v2_v3,incremental_graph,264,0.0,0.0,1.0,11.242335167,28.446050625,0.9933774834437086,True,False
20260925T160801026614Z-8209a262,matched_sor_v2_v3,uni_sor_port,264,-3.408848745300994,-0.27228999386125463,0.36904761904761907,20.661334708,101.5559535,0.9536423841059603,False,False
20260925T160801076875Z-32d039fb,full_source,direct,264,-570.2257375131685,-8.427943642219384,0.2559055118110236,0.000843042,0.019426958,0.9172185430463576,True,False
20260925T160801076875Z-32d039fb,full_source,single_path,264,-10.363413613677762,-2.903437493736638,0.3228346456692913,2.21255025,6.318840583,0.9966887417218543,True,False
20260925T160801076875Z-32d039fb,full_source,direct_split,264,-564.6686914835134,-8.427943642219384,0.25984251968503935,0.010931625,1.189070458,0.9172185430463576,True,False
20260925T160801076875Z-32d039fb,full_source,path_split,264,-3.350110609097797,-0.5941454419344777,0.3346456692913386,7.972111,18.634393833,0.9966887417218543,True,False
20260925T160801076875Z-32d039fb,full_source,incremental_graph,264,0.0,0.0,1.0,12.767665292,49.29798675,0.9966887417218543,True,False
20260925T160801076875Z-32d039fb,full_source,uni_sor_port,264,-160.78292819492404,-4.665594334658554,0.2874015748031496,22.318536458,107.28154625,0.9536423841059603,False,False
20260925T160801118826Z-74e3e7e0,matched_sor_v2_v3,direct,264,-550.1271900577979,-5.543435084797367,0.36904761904761907,0.000521208,0.020482084,0.9139072847682119,True,False
20260925T160801118826Z-74e3e7e0,matched_sor_v2_v3,single_path,264,-521.6500508361262,-2.759006998301445,0.36904761904761907,0.982898333,4.730714208,0.9933774834437086,True,False
20260925T160801118826Z-74e3e7e0,matched_sor_v2_v3,direct_split,264,-550.1271900577979,-5.543435084797367,0.36904761904761907,0.002133458,1.053254333,0.9139072847682119,False,False
20260925T160801118826Z-74e3e7e0,matched_sor_v2_v3,path_split,264,-521.6500508361262,-2.759006998301445,0.36904761904761907,7.80412525,16.909449625,0.9933774834437086,False,False
20260925T160801118826Z-74e3e7e0,matched_sor_v2_v3,incremental_graph,264,-521.6500508361262,-2.759006998301445,0.36904761904761907,11.059393375,28.352069792,0.9933774834437086,False,False
20260925T160801118826Z-74e3e7e0,matched_sor_v2_v3,uni_sor_port,264,0.0,0.0,1.0,20.709941458,100.729432958,0.9536423841059603,True,False
20260925T160801039139Z-d3e2144d,full_source,direct,264,-570.9678469245808,-3.0238333247879603,0.3968253968253968,0.000996458,0.022263791,0.9172185430463576,True,False
20260925T160801039139Z-d3e2144d,full_source,single_path,264,-551.8152170317046,-1.2546648553908846,0.4087301587301587,2.307579333,6.25596525,0.9966887417218543,False,False
20260925T160801039139Z-d3e2144d,full_source,direct_split,264,-447.8538007867557,-2.4988541413977052,0.4126984126984127,0.012664125,1.237417,0.9172185430463576,True,False
20260925T160801039139Z-d3e2144d,full_source,path_split,264,-551.8152170317046,-1.2546648553908846,0.4087301587301587,7.829197833,21.00565175,0.9966887417218543,False,False
20260925T160801039139Z-d3e2144d,full_source,incremental_graph,264,-551.8152170317046,-1.2546648553908846,0.4087301587301587,13.138281541,46.538947875,0.9966887417218543,False,False
20260925T160801039139Z-d3e2144d,full_source,uni_sor_port,264,-37.32193915674175,0.0,0.9166666666666666,21.949822417,105.010393417,0.9536423841059603,True,False
