run_id,cohort,algorithm,ok_plans,source,plans_using,bundle_pools
20260925T160801026614Z-8209a262,matched_sor_v2_v3,direct,276,agni_v3,176,45
20260925T160801026614Z-8209a262,matched_sor_v2_v3,direct,276,fusionx_v3,65,26
20260925T160801026614Z-8209a262,matched_sor_v2_v3,direct,276,moe_classic_v1,34,14
20260925T160801026614Z-8209a262,matched_sor_v2_v3,direct,276,uniswap_v3,1,13
20260925T160801026614Z-8209a262,matched_sor_v2_v3,single_path,300,agni_v3,222,45
20260925T160801026614Z-8209a262,matched_sor_v2_v3,single_path,300,fusionx_v3,121,26
20260925T160801026614Z-8209a262,matched_sor_v2_v3,single_path,300,moe_classic_v1,51,14
20260925T160801026614Z-8209a262,matched_sor_v2_v3,single_path,300,uniswap_v3,20,13
20260925T160801026614Z-8209a262,matched_sor_v2_v3,direct_split,276,agni_v3,209,45
20260925T160801026614Z-8209a262,matched_sor_v2_v3,direct_split,276,fusionx_v3,115,26
20260925T160801026614Z-8209a262,matched_sor_v2_v3,direct_split,276,moe_classic_v1,47,14
20260925T160801026614Z-8209a262,matched_sor_v2_v3,direct_split,276,uniswap_v3,12,13
20260925T160801026614Z-8209a262,matched_sor_v2_v3,path_split,300,agni_v3,247,45
20260925T160801026614Z-8209a262,matched_sor_v2_v3,path_split,300,fusionx_v3,182,26
20260925T160801026614Z-8209a262,matched_sor_v2_v3,path_split,300,moe_classic_v1,78,14
20260925T160801026614Z-8209a262,matched_sor_v2_v3,path_split,300,uniswap_v3,74,13
20260925T160801026614Z-8209a262,matched_sor_v2_v3,incremental_graph,300,agni_v3,256,45
20260925T160801026614Z-8209a262,matched_sor_v2_v3,incremental_graph,300,fusionx_v3,200,26
20260925T160801026614Z-8209a262,matched_sor_v2_v3,incremental_graph,300,moe_classic_v1,134,14
20260925T160801026614Z-8209a262,matched_sor_v2_v3,incremental_graph,300,uniswap_v3,130,13
20260925T160801026614Z-8209a262,matched_sor_v2_v3,uni_sor_port,288,agni_v3,240,45
20260925T160801026614Z-8209a262,matched_sor_v2_v3,uni_sor_port,288,fusionx_v3,169,26
20260925T160801026614Z-8209a262,matched_sor_v2_v3,uni_sor_port,288,moe_classic_v1,72,14
20260925T160801026614Z-8209a262,matched_sor_v2_v3,uni_sor_port,288,uniswap_v3,66,13
20260925T160801076875Z-32d039fb,full_source,direct,277,agni_v3,144,45
20260925T160801076875Z-32d039fb,full_source,direct,277,fusionx_v3,45,26
20260925T160801076875Z-32d039fb,full_source,direct,277,moe_classic_v1,33,14
20260925T160801076875Z-32d039fb,full_source,direct,277,moe_lb_v2_2,54,45
20260925T160801076875Z-32d039fb,full_source,direct,277,uniswap_v3,1,13
20260925T160801076875Z-32d039fb,full_source,single_path,301,agni_v3,182,45
20260925T160801076875Z-32d039fb,full_source,single_path,301,fusionx_v3,111,26
20260925T160801076875Z-32d039fb,full_source,single_path,301,moe_classic_v1,51,14
20260925T160801076875Z-32d039fb,full_source,single_path,301,moe_lb_v2_2,100,45
20260925T160801076875Z-32d039fb,full_source,single_path,301,uniswap_v3,13,13
20260925T160801076875Z-32d039fb,full_source,direct_split,277,agni_v3,171,45
20260925T160801076875Z-32d039fb,full_source,direct_split,277,fusionx_v3,101,26
20260925T160801076875Z-32d039fb,full_source,direct_split,277,moe_classic_v1,46,14
20260925T160801076875Z-32d039fb,full_source,direct_split,277,moe_lb_v2_2,90,45
20260925T160801076875Z-32d039fb,full_source,direct_split,277,uniswap_v3,11,13
20260925T160801076875Z-32d039fb,full_source,path_split,301,agni_v3,236,45
20260925T160801076875Z-32d039fb,full_source,path_split,301,fusionx_v3,186,26
20260925T160801076875Z-32d039fb,full_source,path_split,301,moe_classic_v1,68,14
20260925T160801076875Z-32d039fb,full_source,path_split,301,moe_lb_v2_2,187,45
20260925T160801076875Z-32d039fb,full_source,path_split,301,uniswap_v3,72,13
20260925T160801076875Z-32d039fb,full_source,incremental_graph,301,agni_v3,247,45
20260925T160801076875Z-32d039fb,full_source,incremental_graph,301,fusionx_v3,202,26
20260925T160801076875Z-32d039fb,full_source,incremental_graph,301,moe_classic_v1,121,14
20260925T160801076875Z-32d039fb,full_source,incremental_graph,301,moe_lb_v2_2,192,45
20260925T160801076875Z-32d039fb,full_source,incremental_graph,301,uniswap_v3,120,13
20260925T160801076875Z-32d039fb,full_source,uni_sor_port,288,agni_v3,240,45
20260925T160801076875Z-32d039fb,full_source,uni_sor_port,288,fusionx_v3,169,26
20260925T160801076875Z-32d039fb,full_source,uni_sor_port,288,moe_classic_v1,72,14
20260925T160801076875Z-32d039fb,full_source,uni_sor_port,288,moe_lb_v2_2,0,45
20260925T160801076875Z-32d039fb,full_source,uni_sor_port,288,uniswap_v3,66,13
20260925T160801118826Z-74e3e7e0,matched_sor_v2_v3,direct,276,agni_v3,176,45
20260925T160801118826Z-74e3e7e0,matched_sor_v2_v3,direct,276,fusionx_v3,65,26
20260925T160801118826Z-74e3e7e0,matched_sor_v2_v3,direct,276,moe_classic_v1,34,14
20260925T160801118826Z-74e3e7e0,matched_sor_v2_v3,direct,276,uniswap_v3,1,13
20260925T160801118826Z-74e3e7e0,matched_sor_v2_v3,single_path,300,agni_v3,200,45
20260925T160801118826Z-74e3e7e0,matched_sor_v2_v3,single_path,300,fusionx_v3,95,26
20260925T160801118826Z-74e3e7e0,matched_sor_v2_v3,single_path,300,moe_classic_v1,41,14
20260925T160801118826Z-74e3e7e0,matched_sor_v2_v3,single_path,300,uniswap_v3,8,13
20260925T160801118826Z-74e3e7e0,matched_sor_v2_v3,direct_split,276,agni_v3,176,45
20260925T160801118826Z-74e3e7e0,matched_sor_v2_v3,direct_split,276,fusionx_v3,65,26
20260925T160801118826Z-74e3e7e0,matched_sor_v2_v3,direct_split,276,moe_classic_v1,34,14
20260925T160801118826Z-74e3e7e0,matched_sor_v2_v3,direct_split,276,uniswap_v3,1,13
20260925T160801118826Z-74e3e7e0,matched_sor_v2_v3,path_split,300,agni_v3,200,45
20260925T160801118826Z-74e3e7e0,matched_sor_v2_v3,path_split,300,fusionx_v3,95,26
20260925T160801118826Z-74e3e7e0,matched_sor_v2_v3,path_split,300,moe_classic_v1,41,14
20260925T160801118826Z-74e3e7e0,matched_sor_v2_v3,path_split,300,uniswap_v3,8,13
20260925T160801118826Z-74e3e7e0,matched_sor_v2_v3,incremental_graph,300,agni_v3,204,45
20260925T160801118826Z-74e3e7e0,matched_sor_v2_v3,incremental_graph,300,fusionx_v3,97,26
20260925T160801118826Z-74e3e7e0,matched_sor_v2_v3,incremental_graph,300,moe_classic_v1,41,14
20260925T160801118826Z-74e3e7e0,matched_sor_v2_v3,incremental_graph,300,uniswap_v3,14,13
20260925T160801118826Z-74e3e7e0,matched_sor_v2_v3,uni_sor_port,288,agni_v3,240,45
20260925T160801118826Z-74e3e7e0,matched_sor_v2_v3,uni_sor_port,288,fusionx_v3,169,26
20260925T160801118826Z-74e3e7e0,matched_sor_v2_v3,uni_sor_port,288,moe_classic_v1,72,14
20260925T160801118826Z-74e3e7e0,matched_sor_v2_v3,uni_sor_port,288,uniswap_v3,66,13
20260925T160801039139Z-d3e2144d,full_source,direct,277,agni_v3,165,45
20260925T160801039139Z-d3e2144d,full_source,direct,277,fusionx_v3,49,26
20260925T160801039139Z-d3e2144d,full_source,direct,277,moe_classic_v1,34,14
20260925T160801039139Z-d3e2144d,full_source,direct,277,moe_lb_v2_2,28,45
20260925T160801039139Z-d3e2144d,full_source,direct,277,uniswap_v3,1,13
20260925T160801039139Z-d3e2144d,full_source,single_path,301,agni_v3,185,45
20260925T160801039139Z-d3e2144d,full_source,single_path,301,fusionx_v3,82,26
20260925T160801039139Z-d3e2144d,full_source,single_path,301,moe_classic_v1,41,14
20260925T160801039139Z-d3e2144d,full_source,single_path,301,moe_lb_v2_2,41,45
20260925T160801039139Z-d3e2144d,full_source,single_path,301,uniswap_v3,2,13
20260925T160801039139Z-d3e2144d,full_source,direct_split,277,agni_v3,148,45
20260925T160801039139Z-d3e2144d,full_source,direct_split,277,fusionx_v3,49,26
20260925T160801039139Z-d3e2144d,full_source,direct_split,277,moe_classic_v1,37,14
20260925T160801039139Z-d3e2144d,full_source,direct_split,277,moe_lb_v2_2,54,45
20260925T160801039139Z-d3e2144d,full_source,direct_split,277,uniswap_v3,1,13
20260925T160801039139Z-d3e2144d,full_source,path_split,301,agni_v3,185,45
20260925T160801039139Z-d3e2144d,full_source,path_split,301,fusionx_v3,82,26
20260925T160801039139Z-d3e2144d,full_source,path_split,301,moe_classic_v1,41,14
20260925T160801039139Z-d3e2144d,full_source,path_split,301,moe_lb_v2_2,41,45
20260925T160801039139Z-d3e2144d,full_source,path_split,301,uniswap_v3,2,13
20260925T160801039139Z-d3e2144d,full_source,incremental_graph,301,agni_v3,191,45
20260925T160801039139Z-d3e2144d,full_source,incremental_graph,301,fusionx_v3,85,26
20260925T160801039139Z-d3e2144d,full_source,incremental_graph,301,moe_classic_v1,41,14
20260925T160801039139Z-d3e2144d,full_source,incremental_graph,301,moe_lb_v2_2,48,45
20260925T160801039139Z-d3e2144d,full_source,incremental_graph,301,uniswap_v3,2,13
20260925T160801039139Z-d3e2144d,full_source,uni_sor_port,288,agni_v3,240,45
20260925T160801039139Z-d3e2144d,full_source,uni_sor_port,288,fusionx_v3,169,26
20260925T160801039139Z-d3e2144d,full_source,uni_sor_port,288,moe_classic_v1,72,14
20260925T160801039139Z-d3e2144d,full_source,uni_sor_port,288,moe_lb_v2_2,0,45
20260925T160801039139Z-d3e2144d,full_source,uni_sor_port,288,uniswap_v3,66,13
