run_id,cohort,algorithm,scheduled,ok,unsupported,no_route,timeout,invalid_plan,incomplete_snapshot,model_error,algorithm_error,cancelled,missing,other,ok_share,timeout_by_limit,last_valid_candidates
20260925T160801026614Z-8209a262,matched_sor_v2_v3,direct,302,276,0,26,0,0,0,0,0,0,0,0,0.9139072847682119,{},0
20260925T160801026614Z-8209a262,matched_sor_v2_v3,single_path,302,300,0,2,0,0,0,0,0,0,0,0,0.9933774834437086,{},0
20260925T160801026614Z-8209a262,matched_sor_v2_v3,direct_split,302,276,0,26,0,0,0,0,0,0,0,0,0.9139072847682119,{},0
20260925T160801026614Z-8209a262,matched_sor_v2_v3,path_split,302,300,0,2,0,0,0,0,0,0,0,0,0.9933774834437086,{},0
20260925T160801026614Z-8209a262,matched_sor_v2_v3,incremental_graph,302,300,0,2,0,0,0,0,0,0,0,0,0.9933774834437086,{},0
20260925T160801026614Z-8209a262,matched_sor_v2_v3,uni_sor_port,302,288,0,2,0,12,0,0,0,0,0,0,0.9536423841059603,{},0
20260925T160801076875Z-32d039fb,full_source,direct,302,277,0,25,0,0,0,0,0,0,0,0,0.9172185430463576,{},0
20260925T160801076875Z-32d039fb,full_source,single_path,302,301,0,1,0,0,0,0,0,0,0,0,0.9966887417218543,{},0
20260925T160801076875Z-32d039fb,full_source,direct_split,302,277,0,25,0,0,0,0,0,0,0,0,0.9172185430463576,{},0
20260925T160801076875Z-32d039fb,full_source,path_split,302,301,0,1,0,0,0,0,0,0,0,0,0.9966887417218543,{},0
20260925T160801076875Z-32d039fb,full_source,incremental_graph,302,301,0,1,0,0,0,0,0,0,0,0,0.9966887417218543,{},0
20260925T160801076875Z-32d039fb,full_source,uni_sor_port,302,288,0,2,0,12,0,0,0,0,0,0,0.9536423841059603,{},0
20260925T160801118826Z-74e3e7e0,matched_sor_v2_v3,direct,302,276,0,26,0,0,0,0,0,0,0,0,0.9139072847682119,{},0
20260925T160801118826Z-74e3e7e0,matched_sor_v2_v3,single_path,302,300,0,2,0,0,0,0,0,0,0,0,0.9933774834437086,{},0
20260925T160801118826Z-74e3e7e0,matched_sor_v2_v3,direct_split,302,276,0,26,0,0,0,0,0,0,0,0,0.9139072847682119,{},0
20260925T160801118826Z-74e3e7e0,matched_sor_v2_v3,path_split,302,300,0,2,0,0,0,0,0,0,0,0,0.9933774834437086,{},0
20260925T160801118826Z-74e3e7e0,matched_sor_v2_v3,incremental_graph,302,300,0,2,0,0,0,0,0,0,0,0,0.9933774834437086,{},0
20260925T160801118826Z-74e3e7e0,matched_sor_v2_v3,uni_sor_port,302,288,0,2,0,12,0,0,0,0,0,0,0.9536423841059603,{},0
20260925T160801039139Z-d3e2144d,full_source,direct,302,277,0,25,0,0,0,0,0,0,0,0,0.9172185430463576,{},0
20260925T160801039139Z-d3e2144d,full_source,single_path,302,301,0,1,0,0,0,0,0,0,0,0,0.9966887417218543,{},0
20260925T160801039139Z-d3e2144d,full_source,direct_split,302,277,0,25,0,0,0,0,0,0,0,0,0.9172185430463576,{},0
20260925T160801039139Z-d3e2144d,full_source,path_split,302,301,0,1,0,0,0,0,0,0,0,0,0.9966887417218543,{},0
20260925T160801039139Z-d3e2144d,full_source,incremental_graph,302,301,0,1,0,0,0,0,0,0,0,0,0.9966887417218543,{},0
20260925T160801039139Z-d3e2144d,full_source,uni_sor_port,302,288,0,2,0,12,0,0,0,0,0,0,0.9536423841059603,{},0
