run_id,cohort,split,stratum,algorithm,scheduled,ok,paired_n,p5,p50,p95,better,worse,na_no_direct,underpowered
20260925T160801026614Z-8209a262,matched_sor_v2_v3,report,boundary,single_path,62,60,36,0.0,0.0,1820.3535236960274,18,0,0,False
20260925T160801026614Z-8209a262,matched_sor_v2_v3,report,boundary,direct_split,62,60,36,0.0,0.0,1266.3959518436172,16,0,0,False
20260925T160801026614Z-8209a262,matched_sor_v2_v3,report,boundary,path_split,62,60,36,0.0,29.525716687327606,1820.3535236960274,20,0,0,False
20260925T160801026614Z-8209a262,matched_sor_v2_v3,report,boundary,incremental_graph,62,60,36,0.0,36.44574495347223,1820.3913788036548,20,0,0,False
20260925T160801026614Z-8209a262,matched_sor_v2_v3,report,boundary,uni_sor_port,62,58,34,0.0,27.87177059567872,1820.3535236960274,18,0,0,False
20260925T160801026614Z-8209a262,matched_sor_v2_v3,report,large,single_path,80,80,72,0.0,0.0,105.03444451761504,18,0,8,False
20260925T160801026614Z-8209a262,matched_sor_v2_v3,report,large,direct_split,80,72,72,0.0,0.0,59.054561075277114,22,0,0,False
20260925T160801026614Z-8209a262,matched_sor_v2_v3,report,large,path_split,80,80,72,0.0,0.0,118.20849207812,34,0,8,False
20260925T160801026614Z-8209a262,matched_sor_v2_v3,report,large,incremental_graph,80,80,72,0.0,0.21753157133872805,121.55516553091117,44,0,8,False
20260925T160801026614Z-8209a262,matched_sor_v2_v3,report,large,uni_sor_port,80,80,72,0.0,0.0,118.20849207812,34,0,8,False
20260925T160801026614Z-8209a262,matched_sor_v2_v3,report,low,single_path,80,80,72,0.0,13.396822554537978,65.35047336590593,40,0,8,False
20260925T160801026614Z-8209a262,matched_sor_v2_v3,report,low,direct_split,80,72,72,0.0,0.0,14.247519767233738,25,0,0,False
20260925T160801026614Z-8209a262,matched_sor_v2_v3,report,low,path_split,80,80,72,0.0,19.88128193836723,87.38103315205603,56,0,8,False
20260925T160801026614Z-8209a262,matched_sor_v2_v3,report,low,incremental_graph,80,80,72,0.0,28.613150896905527,101.72929213672488,57,0,8,False
20260925T160801026614Z-8209a262,matched_sor_v2_v3,report,low,uni_sor_port,80,72,64,0.0,17.740406911459353,86.06724543709745,48,0,8,False
20260925T160801026614Z-8209a262,matched_sor_v2_v3,report,medium,single_path,80,80,72,0.0,0.0,50.43531699908404,20,0,8,False
20260925T160801026614Z-8209a262,matched_sor_v2_v3,report,medium,direct_split,80,72,72,0.0,0.0,31.2556849285534,24,0,0,False
20260925T160801026614Z-8209a262,matched_sor_v2_v3,report,medium,path_split,80,80,72,0.0,3.5638139983522255,61.08838404086716,49,0,8,False
20260925T160801026614Z-8209a262,matched_sor_v2_v3,report,medium,incremental_graph,80,80,72,0.0,5.419838026866422,66.87546111245982,56,0,8,False
20260925T160801026614Z-8209a262,matched_sor_v2_v3,report,medium,uni_sor_port,80,78,70,0.0,2.98160892758733,61.08838404086885,47,0,8,False
20260925T160801076875Z-32d039fb,full_source,report,boundary,single_path,62,61,39,0.0,7.0683519030704165,20000.0,21,0,0,False
20260925T160801076875Z-32d039fb,full_source,report,boundary,direct_split,62,61,39,0.0,0.0,182.35595548463823,16,0,0,False
20260925T160801076875Z-32d039fb,full_source,report,boundary,path_split,62,61,39,0.0,30.006935544466728,20000.0,21,0,0,False
20260925T160801076875Z-32d039fb,full_source,report,boundary,incremental_graph,62,61,39,0.0,37.587030929173125,20000.0,23,0,0,False
20260925T160801076875Z-32d039fb,full_source,report,boundary,uni_sor_port,62,58,36,0.0,0.0,553.7018229146335,18,1,0,False
20260925T160801076875Z-32d039fb,full_source,report,large,single_path,80,80,72,0.0,0.0,127.2550580632011,12,0,8,False
20260925T160801076875Z-32d039fb,full_source,report,large,direct_split,80,72,72,0.0,0.0,46.74478927917029,26,0,0,False
20260925T160801076875Z-32d039fb,full_source,report,large,path_split,80,80,72,0.0,0.4292172745021349,131.22756775035106,50,0,8,False
20260925T160801076875Z-32d039fb,full_source,report,large,incremental_graph,80,80,72,0.0,0.8364590049836707,138.41271032532705,52,0,8,False
20260925T160801076875Z-32d039fb,full_source,report,large,uni_sor_port,80,80,72,-6.119381475255425,0.0,95.37775727181203,30,11,8,False
20260925T160801076875Z-32d039fb,full_source,report,low,single_path,80,80,72,0.0,8.794465406373018,66.9478702964563,45,0,8,False
20260925T160801076875Z-32d039fb,full_source,report,low,direct_split,80,72,72,0.0,0.0,14.443240921226455,30,0,0,False
20260925T160801076875Z-32d039fb,full_source,report,low,path_split,80,80,72,0.0,24.179586877229653,90.1835090782841,57,0,8,False
20260925T160801076875Z-32d039fb,full_source,report,low,incremental_graph,80,80,72,0.0,31.7343536955116,101.72929213672488,57,0,8,False
20260925T160801076875Z-32d039fb,full_source,report,low,uni_sor_port,80,72,64,0.0,17.64023950409749,85.80448931777708,48,0,8,False
20260925T160801076875Z-32d039fb,full_source,report,medium,single_path,80,80,72,0.0,0.0,47.32951193088577,20,0,8,False
20260925T160801076875Z-32d039fb,full_source,report,medium,direct_split,80,72,72,0.0,0.0,18.868359752882085,24,0,0,False
20260925T160801076875Z-32d039fb,full_source,report,medium,path_split,80,80,72,0.0,3.75772715130553,62.185908435986946,57,0,8,False
20260925T160801076875Z-32d039fb,full_source,report,medium,incremental_graph,80,80,72,0.0,7.1392944578891,68.94290956662904,57,0,8,False
20260925T160801076875Z-32d039fb,full_source,report,medium,uni_sor_port,80,78,70,-2.7964284959644816,1.556817108174867,51.748276928187984,42,6,8,False
20260925T160801118826Z-74e3e7e0,matched_sor_v2_v3,report,boundary,single_path,62,60,36,0.0,0.0,1361.783130925702,8,0,0,False
20260925T160801118826Z-74e3e7e0,matched_sor_v2_v3,report,boundary,direct_split,62,60,36,0.0,0.0,0.0,0,0,0,False
20260925T160801118826Z-74e3e7e0,matched_sor_v2_v3,report,boundary,path_split,62,60,36,0.0,0.0,1361.783130925702,8,0,0,False
20260925T160801118826Z-74e3e7e0,matched_sor_v2_v3,report,boundary,incremental_graph,62,60,36,0.0,0.0,1361.783130925702,8,0,0,False
20260925T160801118826Z-74e3e7e0,matched_sor_v2_v3,report,boundary,uni_sor_port,62,58,34,0.0,27.87177059567872,1820.3535236960274,18,0,0,False
20260925T160801118826Z-74e3e7e0,matched_sor_v2_v3,report,large,single_path,80,80,72,0.0,0.0,80.17789924437668,13,0,8,False
20260925T160801118826Z-74e3e7e0,matched_sor_v2_v3,report,large,direct_split,80,72,72,0.0,0.0,0.0,0,0,0,False
20260925T160801118826Z-74e3e7e0,matched_sor_v2_v3,report,large,path_split,80,80,72,0.0,0.0,80.17789924437668,13,0,8,False
20260925T160801118826Z-74e3e7e0,matched_sor_v2_v3,report,large,incremental_graph,80,80,72,0.0,0.0,80.17789924437668,13,0,8,False
20260925T160801118826Z-74e3e7e0,matched_sor_v2_v3,report,large,uni_sor_port,80,80,72,0.0,0.0,118.20849207812,34,0,8,False
20260925T160801118826Z-74e3e7e0,matched_sor_v2_v3,report,low,single_path,80,80,72,0.0,0.0,47.57637625061203,9,0,8,False
20260925T160801118826Z-74e3e7e0,matched_sor_v2_v3,report,low,direct_split,80,72,72,0.0,0.0,0.0,0,0,0,False
20260925T160801118826Z-74e3e7e0,matched_sor_v2_v3,report,low,path_split,80,80,72,0.0,0.0,47.57637625061203,9,0,8,False
20260925T160801118826Z-74e3e7e0,matched_sor_v2_v3,report,low,incremental_graph,80,80,72,0.0,0.0,47.57637625061203,9,0,8,False
20260925T160801118826Z-74e3e7e0,matched_sor_v2_v3,report,low,uni_sor_port,80,72,64,0.0,17.740406911459353,86.06724543709745,48,0,8,False
20260925T160801118826Z-74e3e7e0,matched_sor_v2_v3,report,medium,single_path,80,80,72,0.0,0.0,33.45511524280254,9,0,8,False
20260925T160801118826Z-74e3e7e0,matched_sor_v2_v3,report,medium,direct_split,80,72,72,0.0,0.0,0.0,0,0,0,False
20260925T160801118826Z-74e3e7e0,matched_sor_v2_v3,report,medium,path_split,80,80,72,0.0,0.0,33.45511524280254,9,0,8,False
20260925T160801118826Z-74e3e7e0,matched_sor_v2_v3,report,medium,incremental_graph,80,80,72,0.0,0.0,33.45511524280254,9,0,8,False
20260925T160801118826Z-74e3e7e0,matched_sor_v2_v3,report,medium,uni_sor_port,80,78,70,0.0,2.98160892758733,61.08838404086885,47,0,8,False
20260925T160801039139Z-d3e2144d,full_source,report,boundary,single_path,62,61,37,0.0,0.0,984.6378260923938,8,0,0,False
20260925T160801039139Z-d3e2144d,full_source,report,boundary,direct_split,62,61,37,0.0,0.0,571.1627381909285,5,0,0,False
20260925T160801039139Z-d3e2144d,full_source,report,boundary,path_split,62,61,37,0.0,0.0,984.6378260923938,8,0,0,False
20260925T160801039139Z-d3e2144d,full_source,report,boundary,incremental_graph,62,61,37,0.0,0.0,984.6378260923938,8,0,0,False
20260925T160801039139Z-d3e2144d,full_source,report,boundary,uni_sor_port,62,58,34,0.0,27.87177059567872,984.7034874011767,18,0,0,False
20260925T160801039139Z-d3e2144d,full_source,report,large,single_path,80,80,72,0.0,0.0,90.40656416380176,11,0,8,False
20260925T160801039139Z-d3e2144d,full_source,report,large,direct_split,80,72,72,0.0,0.0,0.0,2,0,0,False
20260925T160801039139Z-d3e2144d,full_source,report,large,path_split,80,80,72,0.0,0.0,90.40656416380176,11,0,8,False
20260925T160801039139Z-d3e2144d,full_source,report,large,incremental_graph,80,80,72,0.0,0.0,90.40656416380176,11,0,8,False
20260925T160801039139Z-d3e2144d,full_source,report,large,uni_sor_port,80,80,72,-6.119381475255425,0.0,95.37775727181203,31,10,8,False
20260925T160801039139Z-d3e2144d,full_source,report,low,single_path,80,80,72,0.0,0.0,46.735994229382065,6,0,8,False
20260925T160801039139Z-d3e2144d,full_source,report,low,direct_split,80,72,72,0.0,0.0,1.6180079527469713,10,0,0,False
20260925T160801039139Z-d3e2144d,full_source,report,low,path_split,80,80,72,0.0,0.0,46.735994229382065,6,0,8,False
20260925T160801039139Z-d3e2144d,full_source,report,low,incremental_graph,80,80,72,0.0,0.0,46.735994229382065,6,0,8,False
20260925T160801039139Z-d3e2144d,full_source,report,low,uni_sor_port,80,72,64,0.0,17.740406911459353,85.80448931777708,48,0,8,False
20260925T160801039139Z-d3e2144d,full_source,report,medium,single_path,80,80,72,0.0,0.0,47.32951193088577,12,0,8,False
20260925T160801039139Z-d3e2144d,full_source,report,medium,direct_split,80,72,72,0.0,0.0,0.10187709682874709,7,0,0,False
20260925T160801039139Z-d3e2144d,full_source,report,medium,path_split,80,80,72,0.0,0.0,47.32951193088577,12,0,8,False
20260925T160801039139Z-d3e2144d,full_source,report,medium,incremental_graph,80,80,72,0.0,0.0,47.32951193088577,12,0,8,False
20260925T160801039139Z-d3e2144d,full_source,report,medium,uni_sor_port,80,78,70,-2.7964284959644816,1.6587100654043416,51.748276928187984,42,6,8,False
