run_id,cohort,pair,algorithm,scheduled,ok,paired_n,p5,p50,p95,better,worse,na_no_direct,underpowered
20260925T160801026614Z-8209a262,matched_sor_v2_v3,CATI→USDC,single_path,3,3,0,N/A,N/A,N/A,0,0,3,True
20260925T160801026614Z-8209a262,matched_sor_v2_v3,CATI→USDC,direct_split,3,0,0,N/A,N/A,N/A,0,0,0,True
20260925T160801026614Z-8209a262,matched_sor_v2_v3,CATI→USDC,path_split,3,3,0,N/A,N/A,N/A,0,0,3,True
20260925T160801026614Z-8209a262,matched_sor_v2_v3,CATI→USDC,incremental_graph,3,3,0,N/A,N/A,N/A,0,0,3,True
20260925T160801026614Z-8209a262,matched_sor_v2_v3,CATI→USDC,uni_sor_port,3,3,0,N/A,N/A,N/A,0,0,3,True
20260925T160801026614Z-8209a262,matched_sor_v2_v3,CATI→USDT0,single_path,3,3,0,N/A,N/A,N/A,0,0,3,True
20260925T160801026614Z-8209a262,matched_sor_v2_v3,CATI→USDT0,direct_split,3,0,0,N/A,N/A,N/A,0,0,0,True
20260925T160801026614Z-8209a262,matched_sor_v2_v3,CATI→USDT0,path_split,3,3,0,N/A,N/A,N/A,0,0,3,True
20260925T160801026614Z-8209a262,matched_sor_v2_v3,CATI→USDT0,incremental_graph,3,3,0,N/A,N/A,N/A,0,0,3,True
20260925T160801026614Z-8209a262,matched_sor_v2_v3,CATI→USDT0,uni_sor_port,3,3,0,N/A,N/A,N/A,0,0,3,True
20260925T160801026614Z-8209a262,matched_sor_v2_v3,CATI→WMNT,single_path,12,10,10,0.0,0.0,0.0,0,0,0,True
20260925T160801026614Z-8209a262,matched_sor_v2_v3,CATI→WMNT,direct_split,12,10,10,0.0,0.0,0.0,0,0,0,True
20260925T160801026614Z-8209a262,matched_sor_v2_v3,CATI→WMNT,path_split,12,10,10,0.0,0.0,0.0,0,0,0,True
20260925T160801026614Z-8209a262,matched_sor_v2_v3,CATI→WMNT,incremental_graph,12,10,10,0.0,0.0,0.0,0,0,0,True
20260925T160801026614Z-8209a262,matched_sor_v2_v3,CATI→WMNT,uni_sor_port,12,10,10,0.0,0.0,0.0,0,0,0,True
20260925T160801026614Z-8209a262,matched_sor_v2_v3,FBTC→USDC,single_path,3,3,0,N/A,N/A,N/A,0,0,3,True
20260925T160801026614Z-8209a262,matched_sor_v2_v3,FBTC→USDC,direct_split,3,0,0,N/A,N/A,N/A,0,0,0,True
20260925T160801026614Z-8209a262,matched_sor_v2_v3,FBTC→USDC,path_split,3,3,0,N/A,N/A,N/A,0,0,3,True
20260925T160801026614Z-8209a262,matched_sor_v2_v3,FBTC→USDC,incremental_graph,3,3,0,N/A,N/A,N/A,0,0,3,True
20260925T160801026614Z-8209a262,matched_sor_v2_v3,FBTC→USDC,uni_sor_port,3,3,0,N/A,N/A,N/A,0,0,3,True
20260925T160801026614Z-8209a262,matched_sor_v2_v3,FBTC→USDT0,single_path,10,10,9,0.0,0.0,0.0,0,0,0,True
20260925T160801026614Z-8209a262,matched_sor_v2_v3,FBTC→USDT0,direct_split,10,10,9,0.0,0.0,0.0,0,0,0,True
20260925T160801026614Z-8209a262,matched_sor_v2_v3,FBTC→USDT0,path_split,10,10,9,0.0,0.0,0.0,0,0,0,True
20260925T160801026614Z-8209a262,matched_sor_v2_v3,FBTC→USDT0,incremental_graph,10,10,9,0.0,0.0,0.0,0,0,0,True
20260925T160801026614Z-8209a262,matched_sor_v2_v3,FBTC→USDT0,uni_sor_port,10,10,9,0.0,0.0,0.0,0,0,0,True
20260925T160801026614Z-8209a262,matched_sor_v2_v3,FBTC→WETH,single_path,3,3,0,N/A,N/A,N/A,0,0,3,True
20260925T160801026614Z-8209a262,matched_sor_v2_v3,FBTC→WETH,direct_split,3,0,0,N/A,N/A,N/A,0,0,0,True
20260925T160801026614Z-8209a262,matched_sor_v2_v3,FBTC→WETH,path_split,3,3,0,N/A,N/A,N/A,0,0,3,True
20260925T160801026614Z-8209a262,matched_sor_v2_v3,FBTC→WETH,incremental_graph,3,3,0,N/A,N/A,N/A,0,0,3,True
20260925T160801026614Z-8209a262,matched_sor_v2_v3,FBTC→WETH,uni_sor_port,3,3,0,N/A,N/A,N/A,0,0,3,True
20260925T160801026614Z-8209a262,matched_sor_v2_v3,USDC→CATI,single_path,3,3,0,N/A,N/A,N/A,0,0,3,True
20260925T160801026614Z-8209a262,matched_sor_v2_v3,USDC→CATI,direct_split,3,0,0,N/A,N/A,N/A,0,0,0,True
20260925T160801026614Z-8209a262,matched_sor_v2_v3,USDC→CATI,path_split,3,3,0,N/A,N/A,N/A,0,0,3,True
20260925T160801026614Z-8209a262,matched_sor_v2_v3,USDC→CATI,incremental_graph,3,3,0,N/A,N/A,N/A,0,0,3,True
20260925T160801026614Z-8209a262,matched_sor_v2_v3,USDC→CATI,uni_sor_port,3,3,0,N/A,N/A,N/A,0,0,3,True
20260925T160801026614Z-8209a262,matched_sor_v2_v3,USDC→FBTC,single_path,3,3,0,N/A,N/A,N/A,0,0,3,True
20260925T160801026614Z-8209a262,matched_sor_v2_v3,USDC→FBTC,direct_split,3,0,0,N/A,N/A,N/A,0,0,0,True
20260925T160801026614Z-8209a262,matched_sor_v2_v3,USDC→FBTC,path_split,3,3,0,N/A,N/A,N/A,0,0,3,True
20260925T160801026614Z-8209a262,matched_sor_v2_v3,USDC→FBTC,incremental_graph,3,3,0,N/A,N/A,N/A,0,0,3,True
20260925T160801026614Z-8209a262,matched_sor_v2_v3,USDC→FBTC,uni_sor_port,3,3,0,N/A,N/A,N/A,0,0,3,True
20260925T160801026614Z-8209a262,matched_sor_v2_v3,USDC→USDT,single_path,12,12,11,0.0,0.0,15.888610106940494,5,0,0,True
20260925T160801026614Z-8209a262,matched_sor_v2_v3,USDC→USDT,direct_split,12,12,11,0.014707136785196384,0.027743393951107816,0.06826499236863448,11,0,0,True
20260925T160801026614Z-8209a262,matched_sor_v2_v3,USDC→USDT,path_split,12,12,11,0.02100849222023351,12.713859676659865,55.47041757483236,11,0,0,True
20260925T160801026614Z-8209a262,matched_sor_v2_v3,USDC→USDT,incremental_graph,12,12,11,0.022047922853394443,16.910577324688937,62.85340024100095,11,0,0,True
20260925T160801026614Z-8209a262,matched_sor_v2_v3,USDC→USDT,uni_sor_port,12,6,5,0.02100849222023351,3.03456774064924,57.47549055654747,5,0,0,True
20260925T160801026614Z-8209a262,matched_sor_v2_v3,USDC→USDT0,single_path,10,10,10,0.0,0.0,25.155974237979116,1,0,0,True
20260925T160801026614Z-8209a262,matched_sor_v2_v3,USDC→USDT0,direct_split,10,10,10,0.0,0.0,0.0,0,0,0,True
20260925T160801026614Z-8209a262,matched_sor_v2_v3,USDC→USDT0,path_split,10,10,10,0.0,1.6745169970880052,50.97413721126412,6,0,0,True
20260925T160801026614Z-8209a262,matched_sor_v2_v3,USDC→USDT0,incremental_graph,10,10,10,0.0,5.419838026866422,79.64259082782229,6,0,0,True
20260925T160801026614Z-8209a262,matched_sor_v2_v3,USDC→USDT0,uni_sor_port,10,10,10,0.0,1.6745169970880052,50.44150714156156,6,0,0,True
20260925T160801026614Z-8209a262,matched_sor_v2_v3,USDC→WMNT,single_path,12,12,12,27.87177059567872,31.483685581609823,66.9478702964563,12,0,0,True
20260925T160801026614Z-8209a262,matched_sor_v2_v3,USDC→WMNT,direct_split,12,12,12,0.0,0.16821191662155355,7.17679028554749,11,0,0,True
20260925T160801026614Z-8209a262,matched_sor_v2_v3,USDC→WMNT,path_split,12,12,12,27.87177059567872,35.46908515413995,108.96607460100147,12,0,0,True
20260925T160801026614Z-8209a262,matched_sor_v2_v3,USDC→WMNT,incremental_graph,12,12,12,27.87177059567872,40.570247758616134,131.97960762536445,12,0,0,True
20260925T160801026614Z-8209a262,matched_sor_v2_v3,USDC→WMNT,uni_sor_port,12,12,12,27.87177059567872,35.46908515413995,108.94795720660571,12,0,0,True
20260925T160801026614Z-8209a262,matched_sor_v2_v3,USDT0→CATI,single_path,3,3,0,N/A,N/A,N/A,0,0,3,True
20260925T160801026614Z-8209a262,matched_sor_v2_v3,USDT0→CATI,direct_split,3,0,0,N/A,N/A,N/A,0,0,0,True
20260925T160801026614Z-8209a262,matched_sor_v2_v3,USDT0→CATI,path_split,3,3,0,N/A,N/A,N/A,0,0,3,True
20260925T160801026614Z-8209a262,matched_sor_v2_v3,USDT0→CATI,incremental_graph,3,3,0,N/A,N/A,N/A,0,0,3,True
20260925T160801026614Z-8209a262,matched_sor_v2_v3,USDT0→CATI,uni_sor_port,3,3,0,N/A,N/A,N/A,0,0,3,True
20260925T160801026614Z-8209a262,matched_sor_v2_v3,USDT0→FBTC,single_path,12,12,10,0.0,0.0,0.0,0,0,0,True
20260925T160801026614Z-8209a262,matched_sor_v2_v3,USDT0→FBTC,direct_split,12,12,10,0.0,0.0,0.0,0,0,0,True
20260925T160801026614Z-8209a262,matched_sor_v2_v3,USDT0→FBTC,path_split,12,12,10,0.0,0.0,0.0,0,0,0,True
20260925T160801026614Z-8209a262,matched_sor_v2_v3,USDT0→FBTC,incremental_graph,12,12,10,0.0,0.0,0.0,0,0,0,True
20260925T160801026614Z-8209a262,matched_sor_v2_v3,USDT0→FBTC,uni_sor_port,12,12,10,0.0,0.0,0.0,0,0,0,True
20260925T160801026614Z-8209a262,matched_sor_v2_v3,USDT0→USDC,single_path,10,10,9,0.0,4.631488097125606,25.327160902891514,5,0,0,True
20260925T160801026614Z-8209a262,matched_sor_v2_v3,USDT0→USDC,direct_split,10,10,9,0.0,0.0,0.0,0,0,0,True
20260925T160801026614Z-8209a262,matched_sor_v2_v3,USDT0→USDC,path_split,10,10,9,1.0006760361281497,11.266619964994753,26.116070724187658,9,0,0,True
20260925T160801026614Z-8209a262,matched_sor_v2_v3,USDT0→USDC,incremental_graph,10,10,9,1.3795815603929875,15.809079457229608,31.634790828897547,9,0,0,True
20260925T160801026614Z-8209a262,matched_sor_v2_v3,USDT0→USDC,uni_sor_port,10,10,9,1.0006760361281497,11.266619964994753,26.116070724187658,9,0,0,True
20260925T160801026614Z-8209a262,matched_sor_v2_v3,USDT0→USDT,single_path,10,10,9,0.0,0.0,0.0,0,0,0,True
20260925T160801026614Z-8209a262,matched_sor_v2_v3,USDT0→USDT,direct_split,10,10,9,0.0,0.0,0.0,0,0,0,True
20260925T160801026614Z-8209a262,matched_sor_v2_v3,USDT0→USDT,path_split,10,10,9,0.0,7.16230530259407,19.43825444475086,7,0,0,True
20260925T160801026614Z-8209a262,matched_sor_v2_v3,USDT0→USDT,incremental_graph,10,10,9,0.0,11.921287993501092,32.143113548403356,7,0,0,True
20260925T160801026614Z-8209a262,matched_sor_v2_v3,USDT0→USDT,uni_sor_port,10,10,9,0.0,7.16230530259407,17.740406911459353,7,0,0,True
20260925T160801026614Z-8209a262,matched_sor_v2_v3,USDT0→WMNT,single_path,10,10,10,0.0,0.0,22.339882624270103,1,0,0,True
20260925T160801026614Z-8209a262,matched_sor_v2_v3,USDT0→WMNT,direct_split,10,10,10,0.0,0.0,0.0,0,0,0,True
20260925T160801026614Z-8209a262,matched_sor_v2_v3,USDT0→WMNT,path_split,10,10,10,0.0,0.0,22.461965845791724,4,0,0,True
20260925T160801026614Z-8209a262,matched_sor_v2_v3,USDT0→WMNT,incremental_graph,10,10,10,0.0,0.28183396825720486,23.57954180160056,9,0,0,True
20260925T160801026614Z-8209a262,matched_sor_v2_v3,USDT0→WMNT,uni_sor_port,10,10,10,0.0,0.0,22.461965845791724,4,0,0,True
20260925T160801026614Z-8209a262,matched_sor_v2_v3,USDT0→mETH,single_path,10,10,9,0.0,0.0,21.579133756714405,1,0,0,True
20260925T160801026614Z-8209a262,matched_sor_v2_v3,USDT0→mETH,direct_split,10,10,9,0.0,0.0,0.0,0,0,0,True
20260925T160801026614Z-8209a262,matched_sor_v2_v3,USDT0→mETH,path_split,10,10,9,0.0,0.12917437057884806,34.47264041127369,6,0,0,True
20260925T160801026614Z-8209a262,matched_sor_v2_v3,USDT0→mETH,incremental_graph,10,10,9,0.03971443653901134,0.3278835503791496,48.257043791247476,9,0,0,True
20260925T160801026614Z-8209a262,matched_sor_v2_v3,USDT0→mETH,uni_sor_port,10,10,9,0.0,0.12917437057884806,34.47258616162118,6,0,0,True
20260925T160801026614Z-8209a262,matched_sor_v2_v3,USDT→USDC,single_path,12,12,11,0.0,18.376983676114143,34.055798611756245,7,0,0,True
20260925T160801026614Z-8209a262,matched_sor_v2_v3,USDT→USDC,direct_split,12,12,11,0.0,0.0,1.6831171329301866,5,0,0,True
20260925T160801026614Z-8209a262,matched_sor_v2_v3,USDT→USDC,path_split,12,12,11,1.1251509453957544,18.8664475682568,42.18722164357481,11,0,0,True
20260925T160801026614Z-8209a262,matched_sor_v2_v3,USDT→USDC,incremental_graph,12,12,11,1.797207087772808,26.279086656843226,49.28035813235203,11,0,0,True
20260925T160801026614Z-8209a262,matched_sor_v2_v3,USDT→USDC,uni_sor_port,12,12,11,1.1251509453957544,18.8664475682568,42.569748264695306,11,0,0,True
20260925T160801026614Z-8209a262,matched_sor_v2_v3,USDT→USDT0,single_path,12,12,10,0.0,0.0,20000.0,4,0,0,True
20260925T160801026614Z-8209a262,matched_sor_v2_v3,USDT→USDT0,direct_split,12,12,10,0.0,0.0,0.0,0,0,0,True
20260925T160801026614Z-8209a262,matched_sor_v2_v3,USDT→USDT0,path_split,12,12,10,0.0,2.499478724673954,20000.0,7,0,0,True
20260925T160801026614Z-8209a262,matched_sor_v2_v3,USDT→USDT0,incremental_graph,12,12,10,0.0,3.8174083544621356,20000.0,8,0,0,True
20260925T160801026614Z-8209a262,matched_sor_v2_v3,USDT→USDT0,uni_sor_port,12,12,10,0.0,2.499478724673954,20000.0,7,0,0,True
20260925T160801026614Z-8209a262,matched_sor_v2_v3,USDT→WMNT,single_path,10,10,10,0.0,0.0,367.6929526744872,1,0,0,True
20260925T160801026614Z-8209a262,matched_sor_v2_v3,USDT→WMNT,direct_split,10,10,10,0.0,0.0,0.0,0,0,0,True
20260925T160801026614Z-8209a262,matched_sor_v2_v3,USDT→WMNT,path_split,10,10,10,0.0,0.0,367.6929526744872,5,0,0,True
20260925T160801026614Z-8209a262,matched_sor_v2_v3,USDT→WMNT,incremental_graph,10,10,10,0.025226376615694813,0.5832852988150702,367.6929526744872,10,0,0,True
20260925T160801026614Z-8209a262,matched_sor_v2_v3,USDT→WMNT,uni_sor_port,10,10,10,0.0,0.0,367.6929526744872,5,0,0,True
20260925T160801026614Z-8209a262,matched_sor_v2_v3,USDT→mETH,single_path,12,12,12,17.809723045366578,45.74573237140322,984.6378269457263,12,0,0,True
20260925T160801026614Z-8209a262,matched_sor_v2_v3,USDT→mETH,direct_split,12,12,12,0.0,8.59299286347273,259.0650402069864,9,0,0,True
20260925T160801026614Z-8209a262,matched_sor_v2_v3,USDT→mETH,path_split,12,12,12,50.49620572129567,59.98722791238813,984.7034874011767,12,0,0,True
20260925T160801026614Z-8209a262,matched_sor_v2_v3,USDT→mETH,incremental_graph,12,12,12,60.00037159209874,73.29772706859139,985.4472998156546,12,0,0,True
20260925T160801026614Z-8209a262,matched_sor_v2_v3,USDT→mETH,uni_sor_port,12,10,10,50.440749644918554,59.9872209447481,984.7034874011767,10,0,0,True
20260925T160801026614Z-8209a262,matched_sor_v2_v3,WETH→FBTC,single_path,3,3,0,N/A,N/A,N/A,0,0,3,True
20260925T160801026614Z-8209a262,matched_sor_v2_v3,WETH→FBTC,direct_split,3,0,0,N/A,N/A,N/A,0,0,0,True
20260925T160801026614Z-8209a262,matched_sor_v2_v3,WETH→FBTC,path_split,3,3,0,N/A,N/A,N/A,0,0,3,True
20260925T160801026614Z-8209a262,matched_sor_v2_v3,WETH→FBTC,incremental_graph,3,3,0,N/A,N/A,N/A,0,0,3,True
20260925T160801026614Z-8209a262,matched_sor_v2_v3,WETH→FBTC,uni_sor_port,3,3,0,N/A,N/A,N/A,0,0,3,True
20260925T160801026614Z-8209a262,matched_sor_v2_v3,WETH→WMNT,single_path,12,12,12,0.0,65.35047336590593,1820.3535236960274,11,0,0,True
20260925T160801026614Z-8209a262,matched_sor_v2_v3,WETH→WMNT,direct_split,12,12,12,0.0,29.238452843719006,1266.3959518436172,11,0,0,True
20260925T160801026614Z-8209a262,matched_sor_v2_v3,WETH→WMNT,path_split,12,12,12,0.0,79.92353224966065,1820.3535236960274,11,0,0,True
20260925T160801026614Z-8209a262,matched_sor_v2_v3,WETH→WMNT,incremental_graph,12,12,12,0.0,85.6897367666713,1820.3913788036548,11,0,0,True
20260925T160801026614Z-8209a262,matched_sor_v2_v3,WETH→WMNT,uni_sor_port,12,12,12,0.0,79.92353224966065,1820.3535236960274,11,0,0,True
20260925T160801026614Z-8209a262,matched_sor_v2_v3,WETH→mETH,single_path,12,12,11,0.0,0.0,0.0,0,0,0,True
20260925T160801026614Z-8209a262,matched_sor_v2_v3,WETH→mETH,direct_split,12,12,11,0.0,0.0,0.0,0,0,0,True
20260925T160801026614Z-8209a262,matched_sor_v2_v3,WETH→mETH,path_split,12,12,11,0.0,0.0,0.64065499665087,2,0,0,True
20260925T160801026614Z-8209a262,matched_sor_v2_v3,WETH→mETH,incremental_graph,12,12,11,0.0,0.0,0.6823159490024482,5,0,0,True
20260925T160801026614Z-8209a262,matched_sor_v2_v3,WETH→mETH,uni_sor_port,12,12,11,0.0,0.0,0.64065499665087,2,0,0,True
20260925T160801026614Z-8209a262,matched_sor_v2_v3,WMNT→CATI,single_path,10,10,10,0.0,0.0,0.0,0,0,0,True
20260925T160801026614Z-8209a262,matched_sor_v2_v3,WMNT→CATI,direct_split,10,10,10,0.0,0.0,0.0,0,0,0,True
20260925T160801026614Z-8209a262,matched_sor_v2_v3,WMNT→CATI,path_split,10,10,10,0.0,0.0,0.0,0,0,0,True
20260925T160801026614Z-8209a262,matched_sor_v2_v3,WMNT→CATI,incremental_graph,10,10,10,0.0,0.0,0.0,0,0,0,True
20260925T160801026614Z-8209a262,matched_sor_v2_v3,WMNT→CATI,uni_sor_port,10,10,10,0.0,0.0,0.0,0,0,0,True
20260925T160801026614Z-8209a262,matched_sor_v2_v3,WMNT→USDC,single_path,14,14,12,0.0,7.0683519030704165,165.39133430110965,8,0,0,True
20260925T160801026614Z-8209a262,matched_sor_v2_v3,WMNT→USDC,direct_split,14,14,12,0.0,7.329307989214914,45.56750239893709,11,0,0,True
20260925T160801026614Z-8209a262,matched_sor_v2_v3,WMNT→USDC,path_split,14,14,12,0.0,32.719498352453684,184.38599512831237,11,0,0,True
20260925T160801026614Z-8209a262,matched_sor_v2_v3,WMNT→USDC,incremental_graph,14,14,12,0.0,41.499065104711946,184.38599512831237,11,0,0,True
20260925T160801026614Z-8209a262,matched_sor_v2_v3,WMNT→USDC,uni_sor_port,14,13,11,0.0,32.57255999676735,86.06724543709745,10,0,0,True
20260925T160801026614Z-8209a262,matched_sor_v2_v3,WMNT→USDT,single_path,12,12,10,0.0,0.0,35.745457330596246,3,0,0,True
20260925T160801026614Z-8209a262,matched_sor_v2_v3,WMNT→USDT,direct_split,12,12,10,0.0,0.5908990690123885,5.698063247660385,7,0,0,True
20260925T160801026614Z-8209a262,matched_sor_v2_v3,WMNT→USDT,path_split,12,12,10,0.0,15.78547761658604,99.04698419271405,9,0,0,True
20260925T160801026614Z-8209a262,matched_sor_v2_v3,WMNT→USDT,incremental_graph,12,12,10,0.0,21.4743468534642,109.0880321313534,9,0,0,True
20260925T160801026614Z-8209a262,matched_sor_v2_v3,WMNT→USDT,uni_sor_port,12,12,10,0.0,15.78547761658604,99.04698419271405,9,0,0,True
20260925T160801026614Z-8209a262,matched_sor_v2_v3,WMNT→USDT0,single_path,12,12,9,0.0,0.0,47.10616773792551,4,0,0,True
20260925T160801026614Z-8209a262,matched_sor_v2_v3,WMNT→USDT0,direct_split,12,12,9,0.0,0.0,0.0,0,0,0,True
20260925T160801026614Z-8209a262,matched_sor_v2_v3,WMNT→USDT0,path_split,12,12,9,0.7948716438078525,3.5638139983522255,59.60770757946881,9,0,0,True
20260925T160801026614Z-8209a262,matched_sor_v2_v3,WMNT→USDT0,incremental_graph,12,12,9,0.8364590049836707,3.672263696842958,75.38731818703991,9,0,0,True
20260925T160801026614Z-8209a262,matched_sor_v2_v3,WMNT→USDT0,uni_sor_port,12,12,9,0.7948716438078525,3.5638139983522255,59.60770757946881,9,0,0,True
20260925T160801026614Z-8209a262,matched_sor_v2_v3,WMNT→WETH,single_path,14,14,12,0.0,9.259778016158318,54.55856496442808,9,0,0,True
20260925T160801026614Z-8209a262,matched_sor_v2_v3,WMNT→WETH,direct_split,14,14,12,0.0,17.878668290254478,59.054561075277114,11,0,0,True
20260925T160801026614Z-8209a262,matched_sor_v2_v3,WMNT→WETH,path_split,14,14,12,0.0,32.3443744910344,70.68966229004141,11,0,0,True
20260925T160801026614Z-8209a262,matched_sor_v2_v3,WMNT→WETH,incremental_graph,14,14,12,0.0,42.93270648660524,87.46248942901104,11,0,0,True
20260925T160801026614Z-8209a262,matched_sor_v2_v3,WMNT→WETH,uni_sor_port,14,11,9,0.0,36.22015714686973,70.68966229004141,8,0,0,True
20260925T160801026614Z-8209a262,matched_sor_v2_v3,mETH→USDT,single_path,14,14,13,0.0,64.59930264478255,792.2117499603397,11,0,0,True
20260925T160801026614Z-8209a262,matched_sor_v2_v3,mETH→USDT,direct_split,14,14,13,0.0,31.2556849285534,414.19344068232095,11,0,0,True
20260925T160801026614Z-8209a262,matched_sor_v2_v3,mETH→USDT,path_split,14,14,13,0.0,81.60002948658531,793.2011142184953,11,0,0,True
20260925T160801026614Z-8209a262,matched_sor_v2_v3,mETH→USDT,incremental_graph,14,14,13,0.0,85.04013110609506,793.3236850529114,11,0,0,True
20260925T160801026614Z-8209a262,matched_sor_v2_v3,mETH→USDT,uni_sor_port,14,14,13,0.0,81.49764550981419,793.2011142184953,11,0,0,True
20260925T160801026614Z-8209a262,matched_sor_v2_v3,mETH→USDT0,single_path,12,12,9,0.0,0.0,33.35593194093005,1,0,0,True
20260925T160801026614Z-8209a262,matched_sor_v2_v3,mETH→USDT0,direct_split,12,12,9,0.0,0.0,0.0,0,0,0,True
20260925T160801026614Z-8209a262,matched_sor_v2_v3,mETH→USDT0,path_split,12,12,9,0.0,0.3593460136906925,37.159466324445354,5,0,0,True
20260925T160801026614Z-8209a262,matched_sor_v2_v3,mETH→USDT0,incremental_graph,12,12,9,0.0,0.7028729909091317,53.91001882894693,6,0,0,True
20260925T160801026614Z-8209a262,matched_sor_v2_v3,mETH→USDT0,uni_sor_port,12,12,9,0.0,0.3593460136906925,37.159466324445354,5,0,0,True
20260925T160801026614Z-8209a262,matched_sor_v2_v3,mETH→WETH,single_path,12,12,12,0.0,0.0,0.0,0,0,0,True
20260925T160801026614Z-8209a262,matched_sor_v2_v3,mETH→WETH,direct_split,12,12,12,0.0,0.0,0.0,0,0,0,True
20260925T160801026614Z-8209a262,matched_sor_v2_v3,mETH→WETH,path_split,12,12,12,0.0,0.0,0.0,0,0,0,True
20260925T160801026614Z-8209a262,matched_sor_v2_v3,mETH→WETH,incremental_graph,12,12,12,0.0,0.0,0.0,0,0,0,True
20260925T160801026614Z-8209a262,matched_sor_v2_v3,mETH→WETH,uni_sor_port,12,12,12,0.0,0.0,0.0,0,0,0,True
20260925T160801076875Z-32d039fb,full_source,CATI→USDC,single_path,3,3,0,N/A,N/A,N/A,0,0,3,True
20260925T160801076875Z-32d039fb,full_source,CATI→USDC,direct_split,3,0,0,N/A,N/A,N/A,0,0,0,True
20260925T160801076875Z-32d039fb,full_source,CATI→USDC,path_split,3,3,0,N/A,N/A,N/A,0,0,3,True
20260925T160801076875Z-32d039fb,full_source,CATI→USDC,incremental_graph,3,3,0,N/A,N/A,N/A,0,0,3,True
20260925T160801076875Z-32d039fb,full_source,CATI→USDC,uni_sor_port,3,3,0,N/A,N/A,N/A,0,0,3,True
20260925T160801076875Z-32d039fb,full_source,CATI→USDT0,single_path,3,3,0,N/A,N/A,N/A,0,0,3,True
20260925T160801076875Z-32d039fb,full_source,CATI→USDT0,direct_split,3,0,0,N/A,N/A,N/A,0,0,0,True
20260925T160801076875Z-32d039fb,full_source,CATI→USDT0,path_split,3,3,0,N/A,N/A,N/A,0,0,3,True
20260925T160801076875Z-32d039fb,full_source,CATI→USDT0,incremental_graph,3,3,0,N/A,N/A,N/A,0,0,3,True
20260925T160801076875Z-32d039fb,full_source,CATI→USDT0,uni_sor_port,3,3,0,N/A,N/A,N/A,0,0,3,True
20260925T160801076875Z-32d039fb,full_source,CATI→WMNT,single_path,12,11,11,0.0,0.0,0.0,0,0,0,True
20260925T160801076875Z-32d039fb,full_source,CATI→WMNT,direct_split,12,11,11,0.0,0.0,0.0,0,0,0,True
20260925T160801076875Z-32d039fb,full_source,CATI→WMNT,path_split,12,11,11,0.0,0.0,0.0,0,0,0,True
20260925T160801076875Z-32d039fb,full_source,CATI→WMNT,incremental_graph,12,11,11,0.0,0.0,0.0,0,0,0,True
20260925T160801076875Z-32d039fb,full_source,CATI→WMNT,uni_sor_port,12,10,10,-9090.90909090909,0.0,0.0,0,1,0,True
20260925T160801076875Z-32d039fb,full_source,FBTC→USDC,single_path,3,3,0,N/A,N/A,N/A,0,0,3,True
20260925T160801076875Z-32d039fb,full_source,FBTC→USDC,direct_split,3,0,0,N/A,N/A,N/A,0,0,0,True
20260925T160801076875Z-32d039fb,full_source,FBTC→USDC,path_split,3,3,0,N/A,N/A,N/A,0,0,3,True
20260925T160801076875Z-32d039fb,full_source,FBTC→USDC,incremental_graph,3,3,0,N/A,N/A,N/A,0,0,3,True
20260925T160801076875Z-32d039fb,full_source,FBTC→USDC,uni_sor_port,3,3,0,N/A,N/A,N/A,0,0,3,True
20260925T160801076875Z-32d039fb,full_source,FBTC→USDT0,single_path,10,10,9,0.0,0.0,0.0,0,0,0,True
20260925T160801076875Z-32d039fb,full_source,FBTC→USDT0,direct_split,10,10,9,0.0,0.0,0.0,0,0,0,True
20260925T160801076875Z-32d039fb,full_source,FBTC→USDT0,path_split,10,10,9,0.0,0.0,0.0,0,0,0,True
20260925T160801076875Z-32d039fb,full_source,FBTC→USDT0,incremental_graph,10,10,9,0.0,0.0,0.0,0,0,0,True
20260925T160801076875Z-32d039fb,full_source,FBTC→USDT0,uni_sor_port,10,10,9,0.0,0.0,0.0,0,0,0,True
20260925T160801076875Z-32d039fb,full_source,FBTC→WETH,single_path,3,3,0,N/A,N/A,N/A,0,0,3,True
20260925T160801076875Z-32d039fb,full_source,FBTC→WETH,direct_split,3,0,0,N/A,N/A,N/A,0,0,0,True
20260925T160801076875Z-32d039fb,full_source,FBTC→WETH,path_split,3,3,0,N/A,N/A,N/A,0,0,3,True
20260925T160801076875Z-32d039fb,full_source,FBTC→WETH,incremental_graph,3,3,0,N/A,N/A,N/A,0,0,3,True
20260925T160801076875Z-32d039fb,full_source,FBTC→WETH,uni_sor_port,3,3,0,N/A,N/A,N/A,0,0,3,True
20260925T160801076875Z-32d039fb,full_source,USDC→CATI,single_path,3,3,0,N/A,N/A,N/A,0,0,3,True
20260925T160801076875Z-32d039fb,full_source,USDC→CATI,direct_split,3,0,0,N/A,N/A,N/A,0,0,0,True
20260925T160801076875Z-32d039fb,full_source,USDC→CATI,path_split,3,3,0,N/A,N/A,N/A,0,0,3,True
20260925T160801076875Z-32d039fb,full_source,USDC→CATI,incremental_graph,3,3,0,N/A,N/A,N/A,0,0,3,True
20260925T160801076875Z-32d039fb,full_source,USDC→CATI,uni_sor_port,3,3,0,N/A,N/A,N/A,0,0,3,True
20260925T160801076875Z-32d039fb,full_source,USDC→FBTC,single_path,3,3,0,N/A,N/A,N/A,0,0,3,True
20260925T160801076875Z-32d039fb,full_source,USDC→FBTC,direct_split,3,0,0,N/A,N/A,N/A,0,0,0,True
20260925T160801076875Z-32d039fb,full_source,USDC→FBTC,path_split,3,3,0,N/A,N/A,N/A,0,0,3,True
20260925T160801076875Z-32d039fb,full_source,USDC→FBTC,incremental_graph,3,3,0,N/A,N/A,N/A,0,0,3,True
20260925T160801076875Z-32d039fb,full_source,USDC→FBTC,uni_sor_port,3,3,0,N/A,N/A,N/A,0,0,3,True
20260925T160801076875Z-32d039fb,full_source,USDC→USDT,single_path,12,12,11,0.0,0.0,34.277433467364375,5,0,0,True
20260925T160801076875Z-32d039fb,full_source,USDC→USDT,direct_split,12,12,11,0.011467595173113805,0.03236727797665672,0.1559097439976852,11,0,0,True
20260925T160801076875Z-32d039fb,full_source,USDC→USDT,path_split,12,12,11,0.03851890057886771,23.28060457742816,68.43230746151877,11,0,0,True
20260925T160801076875Z-32d039fb,full_source,USDC→USDT,incremental_graph,12,12,11,0.042996447921714816,24.089346868770654,75.07993328842754,11,0,0,True
20260925T160801076875Z-32d039fb,full_source,USDC→USDT,uni_sor_port,12,6,5,0.02100849222023351,2.9697094094797185,57.47549055654747,5,0,0,True
20260925T160801076875Z-32d039fb,full_source,USDC→USDT0,single_path,10,10,10,0.0,0.0,25.155974237979116,1,0,0,True
20260925T160801076875Z-32d039fb,full_source,USDC→USDT0,direct_split,10,10,10,0.0,0.0,0.0,0,0,0,True
20260925T160801076875Z-32d039fb,full_source,USDC→USDT0,path_split,10,10,10,0.0,1.6745169970880052,68.8532330645231,6,0,0,True
20260925T160801076875Z-32d039fb,full_source,USDC→USDT0,incremental_graph,10,10,10,0.0,5.419838026866422,79.73616097520247,6,0,0,True
20260925T160801076875Z-32d039fb,full_source,USDC→USDT0,uni_sor_port,10,10,10,0.0,1.6745169970880052,50.44150714156156,6,0,0,True
20260925T160801076875Z-32d039fb,full_source,USDC→WMNT,single_path,12,12,12,28.8281558308806,36.091958155988635,72.29259978395442,12,0,0,True
20260925T160801076875Z-32d039fb,full_source,USDC→WMNT,direct_split,12,12,12,0.0,0.16821191662155355,7.17679028554749,11,0,0,True
20260925T160801076875Z-32d039fb,full_source,USDC→WMNT,path_split,12,12,12,36.895675564111606,53.97896377545727,111.7749705230552,12,0,0,True
20260925T160801076875Z-32d039fb,full_source,USDC→WMNT,incremental_graph,12,12,12,41.31279485631215,60.11028687887341,131.97960762536445,12,0,0,True
20260925T160801076875Z-32d039fb,full_source,USDC→WMNT,uni_sor_port,12,12,12,27.87177059567872,35.46908515413995,108.94795720660571,12,0,0,True
20260925T160801076875Z-32d039fb,full_source,USDT0→CATI,single_path,3,3,0,N/A,N/A,N/A,0,0,3,True
20260925T160801076875Z-32d039fb,full_source,USDT0→CATI,direct_split,3,0,0,N/A,N/A,N/A,0,0,0,True
20260925T160801076875Z-32d039fb,full_source,USDT0→CATI,path_split,3,3,0,N/A,N/A,N/A,0,0,3,True
20260925T160801076875Z-32d039fb,full_source,USDT0→CATI,incremental_graph,3,3,0,N/A,N/A,N/A,0,0,3,True
20260925T160801076875Z-32d039fb,full_source,USDT0→CATI,uni_sor_port,3,3,0,N/A,N/A,N/A,0,0,3,True
20260925T160801076875Z-32d039fb,full_source,USDT0→FBTC,single_path,12,12,10,0.0,0.0,0.0,0,0,0,True
20260925T160801076875Z-32d039fb,full_source,USDT0→FBTC,direct_split,12,12,10,0.0,0.0,0.0,0,0,0,True
20260925T160801076875Z-32d039fb,full_source,USDT0→FBTC,path_split,12,12,10,0.0,0.0,0.0,0,0,0,True
20260925T160801076875Z-32d039fb,full_source,USDT0→FBTC,incremental_graph,12,12,10,0.0,0.0,0.0,0,0,0,True
20260925T160801076875Z-32d039fb,full_source,USDT0→FBTC,uni_sor_port,12,12,10,0.0,0.0,0.0,0,0,0,True
20260925T160801076875Z-32d039fb,full_source,USDT0→USDC,single_path,10,10,9,0.0,4.73252055885556,25.42814136001742,5,0,0,True
20260925T160801076875Z-32d039fb,full_source,USDT0→USDC,direct_split,10,10,9,0.0,0.0,0.0,0,0,0,True
20260925T160801076875Z-32d039fb,full_source,USDT0→USDC,path_split,10,10,9,1.0057963810506476,5.533952845269588,26.213895542028382,9,0,0,True
20260925T160801076875Z-32d039fb,full_source,USDT0→USDC,incremental_graph,10,10,9,1.3877138729169545,15.890105490894225,31.7343536955116,9,0,0,True
20260925T160801076875Z-32d039fb,full_source,USDT0→USDC,uni_sor_port,10,10,9,1.0006760361281497,11.266619964994753,26.116070724187658,9,0,0,True
20260925T160801076875Z-32d039fb,full_source,USDT0→USDT,single_path,10,10,9,0.0,0.0,0.0,0,0,0,True
20260925T160801076875Z-32d039fb,full_source,USDT0→USDT,direct_split,10,10,9,0.0,0.0,0.0,0,0,0,True
20260925T160801076875Z-32d039fb,full_source,USDT0→USDT,path_split,10,10,9,0.0,8.125167322060209,24.179586877229653,7,0,0,True
20260925T160801076875Z-32d039fb,full_source,USDT0→USDT,incremental_graph,10,10,9,0.0,14.43271419526026,32.26078037411866,7,0,0,True
20260925T160801076875Z-32d039fb,full_source,USDT0→USDT,uni_sor_port,10,10,9,-0.16959297480866722,7.060445654683458,17.64023950409749,6,3,0,True
20260925T160801076875Z-32d039fb,full_source,USDT0→WMNT,single_path,10,10,10,0.0,0.0,22.44117606890642,2,0,0,True
20260925T160801076875Z-32d039fb,full_source,USDT0→WMNT,direct_split,10,10,10,0.0,0.0,0.0,0,0,0,True
20260925T160801076875Z-32d039fb,full_source,USDT0→WMNT,path_split,10,10,10,0.0,0.809924713364232,27.17754799936115,9,0,0,True
20260925T160801076875Z-32d039fb,full_source,USDT0→WMNT,incremental_graph,10,10,10,0.0,1.0871307409335202,31.169249400218362,9,0,0,True
20260925T160801076875Z-32d039fb,full_source,USDT0→WMNT,uni_sor_port,10,10,10,0.0,0.0,22.461965845791724,4,0,0,True
20260925T160801076875Z-32d039fb,full_source,USDT0→mETH,single_path,10,10,9,0.0,0.0,43.02856069958126,1,0,0,True
20260925T160801076875Z-32d039fb,full_source,USDT0→mETH,direct_split,10,10,9,0.0,0.0,0.0,0,0,0,True
20260925T160801076875Z-32d039fb,full_source,USDT0→mETH,path_split,10,10,9,0.0,1.0515328981104168,47.07896129567392,8,0,0,True
20260925T160801076875Z-32d039fb,full_source,USDT0→mETH,incremental_graph,10,10,9,0.36769815257232413,1.3152832936134229,50.34468013928991,9,0,0,True
20260925T160801076875Z-32d039fb,full_source,USDT0→mETH,uni_sor_port,10,10,9,0.0,0.12917437057884806,34.47258616162118,6,0,0,True
20260925T160801076875Z-32d039fb,full_source,USDT→USDC,single_path,12,12,11,0.0,18.376983676114143,34.055798611756245,7,0,0,True
20260925T160801076875Z-32d039fb,full_source,USDT→USDC,direct_split,12,12,11,0.0,0.0,1.6831171329301866,5,0,0,True
20260925T160801076875Z-32d039fb,full_source,USDT→USDC,path_split,12,12,11,1.1251509453957544,18.953031433653877,44.69003867890606,11,0,0,True
20260925T160801076875Z-32d039fb,full_source,USDT→USDC,incremental_graph,12,12,11,1.797207087772808,26.279086656843226,51.706669843459174,11,0,0,True
20260925T160801076875Z-32d039fb,full_source,USDT→USDC,uni_sor_port,12,12,11,1.1251509453957544,18.8664475682568,42.569748264695306,11,0,0,True
20260925T160801076875Z-32d039fb,full_source,USDT→USDT0,single_path,12,12,10,0.0,0.0,20000.0,4,0,0,True
20260925T160801076875Z-32d039fb,full_source,USDT→USDT0,direct_split,12,12,10,0.0,0.0,0.01577625480402212,2,0,0,True
20260925T160801076875Z-32d039fb,full_source,USDT→USDT0,path_split,12,12,10,0.0,2.499478724673954,20000.0,9,0,0,True
20260925T160801076875Z-32d039fb,full_source,USDT→USDT0,incremental_graph,12,12,10,0.00939561733934201,3.8174083544621356,20000.0,10,0,0,True
20260925T160801076875Z-32d039fb,full_source,USDT→USDT0,uni_sor_port,12,12,10,-0.1693211765152242,2.499478724673954,20000.0,7,2,0,True
20260925T160801076875Z-32d039fb,full_source,USDT→WMNT,single_path,10,10,10,0.0,0.0,413.6191203610241,4,0,0,True
20260925T160801076875Z-32d039fb,full_source,USDT→WMNT,direct_split,10,10,10,0.0,0.0,0.0,0,0,0,True
20260925T160801076875Z-32d039fb,full_source,USDT→WMNT,path_split,10,10,10,2.223835733957924,4.046294098879826,413.6191203610241,10,0,0,True
20260925T160801076875Z-32d039fb,full_source,USDT→WMNT,incremental_graph,10,10,10,6.308464816288182,10.286016536674355,413.6191203610241,10,0,0,True
20260925T160801076875Z-32d039fb,full_source,USDT→WMNT,uni_sor_port,10,10,10,0.0,0.0,367.6929526744872,5,0,0,True
20260925T160801076875Z-32d039fb,full_source,USDT→mETH,single_path,12,12,12,17.809723045366578,47.32951193088577,600.4519782236284,12,0,0,True
20260925T160801076875Z-32d039fb,full_source,USDT→mETH,direct_split,12,12,12,0.0,18.113303900299655,109.93885391151979,11,0,0,True
20260925T160801076875Z-32d039fb,full_source,USDT→mETH,path_split,12,12,12,47.70982223780153,66.37673306759113,600.4519782236284,12,0,0,True
20260925T160801076875Z-32d039fb,full_source,USDT→mETH,incremental_graph,12,12,12,57.89009962892131,77.00016687133278,600.4519782236284,12,0,0,True
20260925T160801076875Z-32d039fb,full_source,USDT→mETH,uni_sor_port,12,10,10,50.440749644918554,59.9872209447481,553.7018229146335,10,0,0,True
20260925T160801076875Z-32d039fb,full_source,WETH→FBTC,single_path,3,3,0,N/A,N/A,N/A,0,0,3,True
20260925T160801076875Z-32d039fb,full_source,WETH→FBTC,direct_split,3,0,0,N/A,N/A,N/A,0,0,0,True
20260925T160801076875Z-32d039fb,full_source,WETH→FBTC,path_split,3,3,0,N/A,N/A,N/A,0,0,3,True
20260925T160801076875Z-32d039fb,full_source,WETH→FBTC,incremental_graph,3,3,0,N/A,N/A,N/A,0,0,3,True
20260925T160801076875Z-32d039fb,full_source,WETH→FBTC,uni_sor_port,3,3,0,N/A,N/A,N/A,0,0,3,True
20260925T160801076875Z-32d039fb,full_source,WETH→WMNT,single_path,12,12,12,0.0,0.0,48.283968384802904,4,0,0,True
20260925T160801076875Z-32d039fb,full_source,WETH→WMNT,direct_split,12,12,12,0.0,0.0,9.000116163959586,2,0,0,True
20260925T160801076875Z-32d039fb,full_source,WETH→WMNT,path_split,12,12,12,0.0,0.9011758749298984,60.43982110061589,11,0,0,True
20260925T160801076875Z-32d039fb,full_source,WETH→WMNT,incremental_graph,12,12,12,0.0,3.412635961537807,60.448339463636,11,0,0,True
20260925T160801076875Z-32d039fb,full_source,WETH→WMNT,uni_sor_port,12,12,12,-57.119408133548305,-22.949081059670018,43.25459280449148,5,6,0,True
20260925T160801076875Z-32d039fb,full_source,WETH→mETH,single_path,12,12,11,0.0,0.0,0.0,0,0,0,True
20260925T160801076875Z-32d039fb,full_source,WETH→mETH,direct_split,12,12,11,0.0,0.000344634323304786,0.20576903335513697,6,0,0,True
20260925T160801076875Z-32d039fb,full_source,WETH→mETH,path_split,12,12,11,0.0,0.000344634323304786,4.500048632289306,6,0,0,True
20260925T160801076875Z-32d039fb,full_source,WETH→mETH,incremental_graph,12,12,11,0.0,0.26015128433589874,7.631635828926855,8,0,0,True
20260925T160801076875Z-32d039fb,full_source,WETH→mETH,uni_sor_port,12,12,11,0.0,0.0,0.64065499665087,2,0,0,True
20260925T160801076875Z-32d039fb,full_source,WMNT→CATI,single_path,10,10,10,0.0,0.0,0.0,0,0,0,True
20260925T160801076875Z-32d039fb,full_source,WMNT→CATI,direct_split,10,10,10,0.0,0.0,0.0,0,0,0,True
20260925T160801076875Z-32d039fb,full_source,WMNT→CATI,path_split,10,10,10,0.0,0.0,0.0,0,0,0,True
20260925T160801076875Z-32d039fb,full_source,WMNT→CATI,incremental_graph,10,10,10,0.0,0.0,0.0,0,0,0,True
20260925T160801076875Z-32d039fb,full_source,WMNT→CATI,uni_sor_port,10,10,10,0.0,0.0,0.0,0,0,0,True
20260925T160801076875Z-32d039fb,full_source,WMNT→USDC,single_path,14,14,12,0.0,7.0683519030704165,165.39133430110965,10,0,0,True
20260925T160801076875Z-32d039fb,full_source,WMNT→USDC,direct_split,14,14,12,0.0,7.329307989214914,45.56750239893709,11,0,0,True
20260925T160801076875Z-32d039fb,full_source,WMNT→USDC,path_split,14,14,12,0.0,32.719498352453684,184.38599512831237,11,0,0,True
20260925T160801076875Z-32d039fb,full_source,WMNT→USDC,incremental_graph,14,14,12,0.0,41.499065104711946,184.38599512831237,11,0,0,True
20260925T160801076875Z-32d039fb,full_source,WMNT→USDC,uni_sor_port,14,13,11,0.0,32.57255999676735,86.06724543709745,10,0,0,True
20260925T160801076875Z-32d039fb,full_source,WMNT→USDT,single_path,12,12,10,0.0,0.0,29.920601473907166,4,0,0,True
20260925T160801076875Z-32d039fb,full_source,WMNT→USDT,direct_split,12,12,10,0.0,6.187591922904435,12.300634273998554,9,0,0,True
20260925T160801076875Z-32d039fb,full_source,WMNT→USDT,path_split,12,12,10,0.0,17.969565887729484,93.74056306584804,9,0,0,True
20260925T160801076875Z-32d039fb,full_source,WMNT→USDT,incremental_graph,12,12,10,0.0,25.29679222943981,103.22060744625101,9,0,0,True
20260925T160801076875Z-32d039fb,full_source,WMNT→USDT,uni_sor_port,12,12,10,0.0,15.78547761658604,93.18538744108619,9,0,0,True
20260925T160801076875Z-32d039fb,full_source,WMNT→USDT0,single_path,12,12,10,0.0,0.0,47.10616773792551,4,0,0,True
20260925T160801076875Z-32d039fb,full_source,WMNT→USDT0,direct_split,12,12,10,0.0,0.0,2.991395375842862,3,0,0,True
20260925T160801076875Z-32d039fb,full_source,WMNT→USDT0,path_split,12,12,10,0.0,2.98160892758733,68.92465776047939,9,0,0,True
20260925T160801076875Z-32d039fb,full_source,WMNT→USDT0,incremental_graph,12,12,10,0.0,3.6443183185940833,75.65114264032604,9,0,0,True
20260925T160801076875Z-32d039fb,full_source,WMNT→USDT0,uni_sor_port,12,12,10,0.0,2.98160892758733,59.60770757946881,9,0,0,True
20260925T160801076875Z-32d039fb,full_source,WMNT→WETH,single_path,14,14,12,0.0,18.197722992075608,340000.0,9,0,0,True
20260925T160801076875Z-32d039fb,full_source,WMNT→WETH,direct_split,14,14,12,0.0,12.414556202179478,23.681521263562985,11,0,0,True
20260925T160801076875Z-32d039fb,full_source,WMNT→WETH,path_split,14,14,12,23.242184778646372,32.8156699130063,340000.0,12,0,0,True
20260925T160801076875Z-32d039fb,full_source,WMNT→WETH,incremental_graph,14,14,12,36.151545224496516,40.465871628373705,340000.0,12,0,0,True
20260925T160801076875Z-32d039fb,full_source,WMNT→WETH,uni_sor_port,14,11,9,0.0,23.978322980019446,31.579807022958764,8,0,0,True
20260925T160801076875Z-32d039fb,full_source,mETH→USDT,single_path,14,14,13,0.0,104.66897844304954,507.6419827158587,11,0,0,True
20260925T160801076875Z-32d039fb,full_source,mETH→USDT,direct_split,14,14,13,0.0,32.49793326904698,182.35595548463823,11,0,0,True
20260925T160801076875Z-32d039fb,full_source,mETH→USDT,path_split,14,14,13,0.0,110.1456213672448,512.5554685252466,11,0,0,True
20260925T160801076875Z-32d039fb,full_source,mETH→USDT,incremental_graph,14,14,13,0.0,117.44621930676092,516.5896366722728,11,0,0,True
20260925T160801076875Z-32d039fb,full_source,mETH→USDT,uni_sor_port,14,14,13,0.0,81.49764550981419,498.11071198068674,11,0,0,True
20260925T160801076875Z-32d039fb,full_source,mETH→USDT0,single_path,12,12,10,0.0,0.0,31.81705579983898,3,0,0,True
20260925T160801076875Z-32d039fb,full_source,mETH→USDT0,direct_split,12,12,10,0.0,0.0,0.0,0,0,0,True
20260925T160801076875Z-32d039fb,full_source,mETH→USDT0,path_split,12,12,10,0.0,1.8240471641829452,49.49158512417167,9,0,0,True
20260925T160801076875Z-32d039fb,full_source,mETH→USDT0,incremental_graph,12,12,10,0.0,2.2397363184780796,53.846109184368615,9,0,0,True
20260925T160801076875Z-32d039fb,full_source,mETH→USDT0,uni_sor_port,12,12,10,-6.119381475255425,-1.9847261024284633,35.62000681241098,3,6,0,True
20260925T160801076875Z-32d039fb,full_source,mETH→WETH,single_path,12,12,12,0.0,0.0,0.0,0,0,0,True
20260925T160801076875Z-32d039fb,full_source,mETH→WETH,direct_split,12,12,12,0.0,0.0,0.019934046861487392,3,0,0,True
20260925T160801076875Z-32d039fb,full_source,mETH→WETH,path_split,12,12,12,0.0,0.0,0.019934046861487392,3,0,0,True
20260925T160801076875Z-32d039fb,full_source,mETH→WETH,incremental_graph,12,12,12,0.0,0.0,0.019984942828355973,3,0,0,True
20260925T160801076875Z-32d039fb,full_source,mETH→WETH,uni_sor_port,12,12,12,0.0,0.0,0.0,0,0,0,True
20260925T160801118826Z-74e3e7e0,matched_sor_v2_v3,CATI→USDC,single_path,3,3,0,N/A,N/A,N/A,0,0,3,True
20260925T160801118826Z-74e3e7e0,matched_sor_v2_v3,CATI→USDC,direct_split,3,0,0,N/A,N/A,N/A,0,0,0,True
20260925T160801118826Z-74e3e7e0,matched_sor_v2_v3,CATI→USDC,path_split,3,3,0,N/A,N/A,N/A,0,0,3,True
20260925T160801118826Z-74e3e7e0,matched_sor_v2_v3,CATI→USDC,incremental_graph,3,3,0,N/A,N/A,N/A,0,0,3,True
20260925T160801118826Z-74e3e7e0,matched_sor_v2_v3,CATI→USDC,uni_sor_port,3,3,0,N/A,N/A,N/A,0,0,3,True
20260925T160801118826Z-74e3e7e0,matched_sor_v2_v3,CATI→USDT0,single_path,3,3,0,N/A,N/A,N/A,0,0,3,True
20260925T160801118826Z-74e3e7e0,matched_sor_v2_v3,CATI→USDT0,direct_split,3,0,0,N/A,N/A,N/A,0,0,0,True
20260925T160801118826Z-74e3e7e0,matched_sor_v2_v3,CATI→USDT0,path_split,3,3,0,N/A,N/A,N/A,0,0,3,True
20260925T160801118826Z-74e3e7e0,matched_sor_v2_v3,CATI→USDT0,incremental_graph,3,3,0,N/A,N/A,N/A,0,0,3,True
20260925T160801118826Z-74e3e7e0,matched_sor_v2_v3,CATI→USDT0,uni_sor_port,3,3,0,N/A,N/A,N/A,0,0,3,True
20260925T160801118826Z-74e3e7e0,matched_sor_v2_v3,CATI→WMNT,single_path,12,10,10,0.0,0.0,0.0,0,0,0,True
20260925T160801118826Z-74e3e7e0,matched_sor_v2_v3,CATI→WMNT,direct_split,12,10,10,0.0,0.0,0.0,0,0,0,True
20260925T160801118826Z-74e3e7e0,matched_sor_v2_v3,CATI→WMNT,path_split,12,10,10,0.0,0.0,0.0,0,0,0,True
20260925T160801118826Z-74e3e7e0,matched_sor_v2_v3,CATI→WMNT,incremental_graph,12,10,10,0.0,0.0,0.0,0,0,0,True
20260925T160801118826Z-74e3e7e0,matched_sor_v2_v3,CATI→WMNT,uni_sor_port,12,10,10,0.0,0.0,0.0,0,0,0,True
20260925T160801118826Z-74e3e7e0,matched_sor_v2_v3,FBTC→USDC,single_path,3,3,0,N/A,N/A,N/A,0,0,3,True
20260925T160801118826Z-74e3e7e0,matched_sor_v2_v3,FBTC→USDC,direct_split,3,0,0,N/A,N/A,N/A,0,0,0,True
20260925T160801118826Z-74e3e7e0,matched_sor_v2_v3,FBTC→USDC,path_split,3,3,0,N/A,N/A,N/A,0,0,3,True
20260925T160801118826Z-74e3e7e0,matched_sor_v2_v3,FBTC→USDC,incremental_graph,3,3,0,N/A,N/A,N/A,0,0,3,True
20260925T160801118826Z-74e3e7e0,matched_sor_v2_v3,FBTC→USDC,uni_sor_port,3,3,0,N/A,N/A,N/A,0,0,3,True
20260925T160801118826Z-74e3e7e0,matched_sor_v2_v3,FBTC→USDT0,single_path,10,10,9,0.0,0.0,0.0,0,0,0,True
20260925T160801118826Z-74e3e7e0,matched_sor_v2_v3,FBTC→USDT0,direct_split,10,10,9,0.0,0.0,0.0,0,0,0,True
20260925T160801118826Z-74e3e7e0,matched_sor_v2_v3,FBTC→USDT0,path_split,10,10,9,0.0,0.0,0.0,0,0,0,True
20260925T160801118826Z-74e3e7e0,matched_sor_v2_v3,FBTC→USDT0,incremental_graph,10,10,9,0.0,0.0,0.0,0,0,0,True
20260925T160801118826Z-74e3e7e0,matched_sor_v2_v3,FBTC→USDT0,uni_sor_port,10,10,9,0.0,0.0,0.0,0,0,0,True
20260925T160801118826Z-74e3e7e0,matched_sor_v2_v3,FBTC→WETH,single_path,3,3,0,N/A,N/A,N/A,0,0,3,True
20260925T160801118826Z-74e3e7e0,matched_sor_v2_v3,FBTC→WETH,direct_split,3,0,0,N/A,N/A,N/A,0,0,0,True
20260925T160801118826Z-74e3e7e0,matched_sor_v2_v3,FBTC→WETH,path_split,3,3,0,N/A,N/A,N/A,0,0,3,True
20260925T160801118826Z-74e3e7e0,matched_sor_v2_v3,FBTC→WETH,incremental_graph,3,3,0,N/A,N/A,N/A,0,0,3,True
20260925T160801118826Z-74e3e7e0,matched_sor_v2_v3,FBTC→WETH,uni_sor_port,3,3,0,N/A,N/A,N/A,0,0,3,True
20260925T160801118826Z-74e3e7e0,matched_sor_v2_v3,USDC→CATI,single_path,3,3,0,N/A,N/A,N/A,0,0,3,True
20260925T160801118826Z-74e3e7e0,matched_sor_v2_v3,USDC→CATI,direct_split,3,0,0,N/A,N/A,N/A,0,0,0,True
20260925T160801118826Z-74e3e7e0,matched_sor_v2_v3,USDC→CATI,path_split,3,3,0,N/A,N/A,N/A,0,0,3,True
20260925T160801118826Z-74e3e7e0,matched_sor_v2_v3,USDC→CATI,incremental_graph,3,3,0,N/A,N/A,N/A,0,0,3,True
20260925T160801118826Z-74e3e7e0,matched_sor_v2_v3,USDC→CATI,uni_sor_port,3,3,0,N/A,N/A,N/A,0,0,3,True
20260925T160801118826Z-74e3e7e0,matched_sor_v2_v3,USDC→FBTC,single_path,3,3,0,N/A,N/A,N/A,0,0,3,True
20260925T160801118826Z-74e3e7e0,matched_sor_v2_v3,USDC→FBTC,direct_split,3,0,0,N/A,N/A,N/A,0,0,0,True
20260925T160801118826Z-74e3e7e0,matched_sor_v2_v3,USDC→FBTC,path_split,3,3,0,N/A,N/A,N/A,0,0,3,True
20260925T160801118826Z-74e3e7e0,matched_sor_v2_v3,USDC→FBTC,incremental_graph,3,3,0,N/A,N/A,N/A,0,0,3,True
20260925T160801118826Z-74e3e7e0,matched_sor_v2_v3,USDC→FBTC,uni_sor_port,3,3,0,N/A,N/A,N/A,0,0,3,True
20260925T160801118826Z-74e3e7e0,matched_sor_v2_v3,USDC→USDT,single_path,12,12,11,0.0,0.0,0.0,0,0,0,True
20260925T160801118826Z-74e3e7e0,matched_sor_v2_v3,USDC→USDT,direct_split,12,12,11,0.0,0.0,0.0,0,0,0,True
20260925T160801118826Z-74e3e7e0,matched_sor_v2_v3,USDC→USDT,path_split,12,12,11,0.0,0.0,0.0,0,0,0,True
20260925T160801118826Z-74e3e7e0,matched_sor_v2_v3,USDC→USDT,incremental_graph,12,12,11,0.0,0.0,0.0,0,0,0,True
20260925T160801118826Z-74e3e7e0,matched_sor_v2_v3,USDC→USDT,uni_sor_port,12,6,5,0.02100849222023351,3.03456774064924,57.47549055654747,5,0,0,True
20260925T160801118826Z-74e3e7e0,matched_sor_v2_v3,USDC→USDT0,single_path,10,10,10,0.0,0.0,0.0,0,0,0,True
20260925T160801118826Z-74e3e7e0,matched_sor_v2_v3,USDC→USDT0,direct_split,10,10,10,0.0,0.0,0.0,0,0,0,True
20260925T160801118826Z-74e3e7e0,matched_sor_v2_v3,USDC→USDT0,path_split,10,10,10,0.0,0.0,0.0,0,0,0,True
20260925T160801118826Z-74e3e7e0,matched_sor_v2_v3,USDC→USDT0,incremental_graph,10,10,10,0.0,0.0,0.0,0,0,0,True
20260925T160801118826Z-74e3e7e0,matched_sor_v2_v3,USDC→USDT0,uni_sor_port,10,10,10,0.0,1.6745169970880052,50.44150714156156,6,0,0,True
20260925T160801118826Z-74e3e7e0,matched_sor_v2_v3,USDC→WMNT,single_path,12,12,12,0.0,29.600134130587627,33.45511524280254,8,0,0,True
20260925T160801118826Z-74e3e7e0,matched_sor_v2_v3,USDC→WMNT,direct_split,12,12,12,0.0,0.0,0.0,0,0,0,True
20260925T160801118826Z-74e3e7e0,matched_sor_v2_v3,USDC→WMNT,path_split,12,12,12,0.0,29.600134130587627,33.45511524280254,8,0,0,True
20260925T160801118826Z-74e3e7e0,matched_sor_v2_v3,USDC→WMNT,incremental_graph,12,12,12,0.0,29.600134130587627,33.45511524280254,8,0,0,True
20260925T160801118826Z-74e3e7e0,matched_sor_v2_v3,USDC→WMNT,uni_sor_port,12,12,12,27.87177059567872,35.46908515413995,108.94795720660571,12,0,0,True
20260925T160801118826Z-74e3e7e0,matched_sor_v2_v3,USDT0→CATI,single_path,3,3,0,N/A,N/A,N/A,0,0,3,True
20260925T160801118826Z-74e3e7e0,matched_sor_v2_v3,USDT0→CATI,direct_split,3,0,0,N/A,N/A,N/A,0,0,0,True
20260925T160801118826Z-74e3e7e0,matched_sor_v2_v3,USDT0→CATI,path_split,3,3,0,N/A,N/A,N/A,0,0,3,True
20260925T160801118826Z-74e3e7e0,matched_sor_v2_v3,USDT0→CATI,incremental_graph,3,3,0,N/A,N/A,N/A,0,0,3,True
20260925T160801118826Z-74e3e7e0,matched_sor_v2_v3,USDT0→CATI,uni_sor_port,3,3,0,N/A,N/A,N/A,0,0,3,True
20260925T160801118826Z-74e3e7e0,matched_sor_v2_v3,USDT0→FBTC,single_path,12,12,10,0.0,0.0,0.0,0,0,0,True
20260925T160801118826Z-74e3e7e0,matched_sor_v2_v3,USDT0→FBTC,direct_split,12,12,10,0.0,0.0,0.0,0,0,0,True
20260925T160801118826Z-74e3e7e0,matched_sor_v2_v3,USDT0→FBTC,path_split,12,12,10,0.0,0.0,0.0,0,0,0,True
20260925T160801118826Z-74e3e7e0,matched_sor_v2_v3,USDT0→FBTC,incremental_graph,12,12,10,0.0,0.0,0.0,0,0,0,True
20260925T160801118826Z-74e3e7e0,matched_sor_v2_v3,USDT0→FBTC,uni_sor_port,12,12,10,0.0,0.0,0.0,0,0,0,True
20260925T160801118826Z-74e3e7e0,matched_sor_v2_v3,USDT0→USDC,single_path,10,10,9,0.0,0.0,0.0,0,0,0,True
20260925T160801118826Z-74e3e7e0,matched_sor_v2_v3,USDT0→USDC,direct_split,10,10,9,0.0,0.0,0.0,0,0,0,True
20260925T160801118826Z-74e3e7e0,matched_sor_v2_v3,USDT0→USDC,path_split,10,10,9,0.0,0.0,0.0,0,0,0,True
20260925T160801118826Z-74e3e7e0,matched_sor_v2_v3,USDT0→USDC,incremental_graph,10,10,9,0.0,0.0,0.0,0,0,0,True
20260925T160801118826Z-74e3e7e0,matched_sor_v2_v3,USDT0→USDC,uni_sor_port,10,10,9,1.0006760361281497,11.266619964994753,26.116070724187658,9,0,0,True
20260925T160801118826Z-74e3e7e0,matched_sor_v2_v3,USDT0→USDT,single_path,10,10,9,0.0,0.0,0.0,0,0,0,True
20260925T160801118826Z-74e3e7e0,matched_sor_v2_v3,USDT0→USDT,direct_split,10,10,9,0.0,0.0,0.0,0,0,0,True
20260925T160801118826Z-74e3e7e0,matched_sor_v2_v3,USDT0→USDT,path_split,10,10,9,0.0,0.0,0.0,0,0,0,True
20260925T160801118826Z-74e3e7e0,matched_sor_v2_v3,USDT0→USDT,incremental_graph,10,10,9,0.0,0.0,0.0,0,0,0,True
20260925T160801118826Z-74e3e7e0,matched_sor_v2_v3,USDT0→USDT,uni_sor_port,10,10,9,0.0,7.16230530259407,17.740406911459353,7,0,0,True
20260925T160801118826Z-74e3e7e0,matched_sor_v2_v3,USDT0→WMNT,single_path,10,10,10,0.0,0.0,22.339882624270103,1,0,0,True
20260925T160801118826Z-74e3e7e0,matched_sor_v2_v3,USDT0→WMNT,direct_split,10,10,10,0.0,0.0,0.0,0,0,0,True
20260925T160801118826Z-74e3e7e0,matched_sor_v2_v3,USDT0→WMNT,path_split,10,10,10,0.0,0.0,22.339882624270103,1,0,0,True
20260925T160801118826Z-74e3e7e0,matched_sor_v2_v3,USDT0→WMNT,incremental_graph,10,10,10,0.0,0.0,22.339882624270103,1,0,0,True
20260925T160801118826Z-74e3e7e0,matched_sor_v2_v3,USDT0→WMNT,uni_sor_port,10,10,10,0.0,0.0,22.461965845791724,4,0,0,True
20260925T160801118826Z-74e3e7e0,matched_sor_v2_v3,USDT0→mETH,single_path,10,10,9,0.0,0.0,0.0,0,0,0,True
20260925T160801118826Z-74e3e7e0,matched_sor_v2_v3,USDT0→mETH,direct_split,10,10,9,0.0,0.0,0.0,0,0,0,True
20260925T160801118826Z-74e3e7e0,matched_sor_v2_v3,USDT0→mETH,path_split,10,10,9,0.0,0.0,0.0,0,0,0,True
20260925T160801118826Z-74e3e7e0,matched_sor_v2_v3,USDT0→mETH,incremental_graph,10,10,9,0.0,0.0,0.0,0,0,0,True
20260925T160801118826Z-74e3e7e0,matched_sor_v2_v3,USDT0→mETH,uni_sor_port,10,10,9,0.0,0.12917437057884806,34.47258616162118,6,0,0,True
20260925T160801118826Z-74e3e7e0,matched_sor_v2_v3,USDT→USDC,single_path,12,12,11,0.0,0.0,0.0,0,0,0,True
20260925T160801118826Z-74e3e7e0,matched_sor_v2_v3,USDT→USDC,direct_split,12,12,11,0.0,0.0,0.0,0,0,0,True
20260925T160801118826Z-74e3e7e0,matched_sor_v2_v3,USDT→USDC,path_split,12,12,11,0.0,0.0,0.0,0,0,0,True
20260925T160801118826Z-74e3e7e0,matched_sor_v2_v3,USDT→USDC,incremental_graph,12,12,11,0.0,0.0,0.0,0,0,0,True
20260925T160801118826Z-74e3e7e0,matched_sor_v2_v3,USDT→USDC,uni_sor_port,12,12,11,1.1251509453957544,18.8664475682568,42.569748264695306,11,0,0,True
20260925T160801118826Z-74e3e7e0,matched_sor_v2_v3,USDT→USDT0,single_path,12,12,10,0.0,0.0,0.0,0,0,0,True
20260925T160801118826Z-74e3e7e0,matched_sor_v2_v3,USDT→USDT0,direct_split,12,12,10,0.0,0.0,0.0,0,0,0,True
20260925T160801118826Z-74e3e7e0,matched_sor_v2_v3,USDT→USDT0,path_split,12,12,10,0.0,0.0,0.0,0,0,0,True
20260925T160801118826Z-74e3e7e0,matched_sor_v2_v3,USDT→USDT0,incremental_graph,12,12,10,0.0,0.0,0.0,0,0,0,True
20260925T160801118826Z-74e3e7e0,matched_sor_v2_v3,USDT→USDT0,uni_sor_port,12,12,10,0.0,2.499478724673954,20000.0,7,0,0,True
20260925T160801118826Z-74e3e7e0,matched_sor_v2_v3,USDT→WMNT,single_path,10,10,10,0.0,0.0,0.0,0,0,0,True
20260925T160801118826Z-74e3e7e0,matched_sor_v2_v3,USDT→WMNT,direct_split,10,10,10,0.0,0.0,0.0,0,0,0,True
20260925T160801118826Z-74e3e7e0,matched_sor_v2_v3,USDT→WMNT,path_split,10,10,10,0.0,0.0,0.0,0,0,0,True
20260925T160801118826Z-74e3e7e0,matched_sor_v2_v3,USDT→WMNT,incremental_graph,10,10,10,0.0,0.0,0.0,0,0,0,True
20260925T160801118826Z-74e3e7e0,matched_sor_v2_v3,USDT→WMNT,uni_sor_port,10,10,10,0.0,0.0,367.6929526744872,5,0,0,True
20260925T160801118826Z-74e3e7e0,matched_sor_v2_v3,USDT→mETH,single_path,12,12,12,0.0,0.0,984.6378269457263,6,0,0,True
20260925T160801118826Z-74e3e7e0,matched_sor_v2_v3,USDT→mETH,direct_split,12,12,12,0.0,0.0,0.0,0,0,0,True
20260925T160801118826Z-74e3e7e0,matched_sor_v2_v3,USDT→mETH,path_split,12,12,12,0.0,0.0,984.6378269457263,6,0,0,True
20260925T160801118826Z-74e3e7e0,matched_sor_v2_v3,USDT→mETH,incremental_graph,12,12,12,0.0,0.0,984.6378269457263,6,0,0,True
20260925T160801118826Z-74e3e7e0,matched_sor_v2_v3,USDT→mETH,uni_sor_port,12,10,10,50.440749644918554,59.9872209447481,984.7034874011767,10,0,0,True
20260925T160801118826Z-74e3e7e0,matched_sor_v2_v3,WETH→FBTC,single_path,3,3,0,N/A,N/A,N/A,0,0,3,True
20260925T160801118826Z-74e3e7e0,matched_sor_v2_v3,WETH→FBTC,direct_split,3,0,0,N/A,N/A,N/A,0,0,0,True
20260925T160801118826Z-74e3e7e0,matched_sor_v2_v3,WETH→FBTC,path_split,3,3,0,N/A,N/A,N/A,0,0,3,True
20260925T160801118826Z-74e3e7e0,matched_sor_v2_v3,WETH→FBTC,incremental_graph,3,3,0,N/A,N/A,N/A,0,0,3,True
20260925T160801118826Z-74e3e7e0,matched_sor_v2_v3,WETH→FBTC,uni_sor_port,3,3,0,N/A,N/A,N/A,0,0,3,True
20260925T160801118826Z-74e3e7e0,matched_sor_v2_v3,WETH→WMNT,single_path,12,12,12,0.0,33.13432364492947,1361.783130925702,8,0,0,True
20260925T160801118826Z-74e3e7e0,matched_sor_v2_v3,WETH→WMNT,direct_split,12,12,12,0.0,0.0,0.0,0,0,0,True
20260925T160801118826Z-74e3e7e0,matched_sor_v2_v3,WETH→WMNT,path_split,12,12,12,0.0,33.13432364492947,1361.783130925702,8,0,0,True
20260925T160801118826Z-74e3e7e0,matched_sor_v2_v3,WETH→WMNT,incremental_graph,12,12,12,0.0,33.13432364492947,1361.783130925702,8,0,0,True
20260925T160801118826Z-74e3e7e0,matched_sor_v2_v3,WETH→WMNT,uni_sor_port,12,12,12,0.0,79.92353224966065,1820.3535236960274,11,0,0,True
20260925T160801118826Z-74e3e7e0,matched_sor_v2_v3,WETH→mETH,single_path,12,12,11,0.0,0.0,0.0,0,0,0,True
20260925T160801118826Z-74e3e7e0,matched_sor_v2_v3,WETH→mETH,direct_split,12,12,11,0.0,0.0,0.0,0,0,0,True
20260925T160801118826Z-74e3e7e0,matched_sor_v2_v3,WETH→mETH,path_split,12,12,11,0.0,0.0,0.0,0,0,0,True
20260925T160801118826Z-74e3e7e0,matched_sor_v2_v3,WETH→mETH,incremental_graph,12,12,11,0.0,0.0,0.0,0,0,0,True
20260925T160801118826Z-74e3e7e0,matched_sor_v2_v3,WETH→mETH,uni_sor_port,12,12,11,0.0,0.0,0.64065499665087,2,0,0,True
20260925T160801118826Z-74e3e7e0,matched_sor_v2_v3,WMNT→CATI,single_path,10,10,10,0.0,0.0,0.0,0,0,0,True
20260925T160801118826Z-74e3e7e0,matched_sor_v2_v3,WMNT→CATI,direct_split,10,10,10,0.0,0.0,0.0,0,0,0,True
20260925T160801118826Z-74e3e7e0,matched_sor_v2_v3,WMNT→CATI,path_split,10,10,10,0.0,0.0,0.0,0,0,0,True
20260925T160801118826Z-74e3e7e0,matched_sor_v2_v3,WMNT→CATI,incremental_graph,10,10,10,0.0,0.0,0.0,0,0,0,True
20260925T160801118826Z-74e3e7e0,matched_sor_v2_v3,WMNT→CATI,uni_sor_port,10,10,10,0.0,0.0,0.0,0,0,0,True
20260925T160801118826Z-74e3e7e0,matched_sor_v2_v3,WMNT→USDC,single_path,14,14,12,0.0,0.0,11.999688273169342,2,0,0,True
20260925T160801118826Z-74e3e7e0,matched_sor_v2_v3,WMNT→USDC,direct_split,14,14,12,0.0,0.0,0.0,0,0,0,True
20260925T160801118826Z-74e3e7e0,matched_sor_v2_v3,WMNT→USDC,path_split,14,14,12,0.0,0.0,11.999688273169342,2,0,0,True
20260925T160801118826Z-74e3e7e0,matched_sor_v2_v3,WMNT→USDC,incremental_graph,14,14,12,0.0,0.0,11.999688273169342,2,0,0,True
20260925T160801118826Z-74e3e7e0,matched_sor_v2_v3,WMNT→USDC,uni_sor_port,14,13,11,0.0,32.57255999676735,86.06724543709745,10,0,0,True
20260925T160801118826Z-74e3e7e0,matched_sor_v2_v3,WMNT→USDT,single_path,12,12,10,0.0,0.0,0.0,0,0,0,True
20260925T160801118826Z-74e3e7e0,matched_sor_v2_v3,WMNT→USDT,direct_split,12,12,10,0.0,0.0,0.0,0,0,0,True
20260925T160801118826Z-74e3e7e0,matched_sor_v2_v3,WMNT→USDT,path_split,12,12,10,0.0,0.0,0.0,0,0,0,True
20260925T160801118826Z-74e3e7e0,matched_sor_v2_v3,WMNT→USDT,incremental_graph,12,12,10,0.0,0.0,0.0,0,0,0,True
20260925T160801118826Z-74e3e7e0,matched_sor_v2_v3,WMNT→USDT,uni_sor_port,12,12,10,0.0,15.78547761658604,99.04698419271405,9,0,0,True
20260925T160801118826Z-74e3e7e0,matched_sor_v2_v3,WMNT→USDT0,single_path,12,12,9,0.0,0.0,47.10616773792551,4,0,0,True
20260925T160801118826Z-74e3e7e0,matched_sor_v2_v3,WMNT→USDT0,direct_split,12,12,9,0.0,0.0,0.0,0,0,0,True
20260925T160801118826Z-74e3e7e0,matched_sor_v2_v3,WMNT→USDT0,path_split,12,12,9,0.0,0.0,47.10616773792551,4,0,0,True
20260925T160801118826Z-74e3e7e0,matched_sor_v2_v3,WMNT→USDT0,incremental_graph,12,12,9,0.0,0.0,47.10616773792551,4,0,0,True
20260925T160801118826Z-74e3e7e0,matched_sor_v2_v3,WMNT→USDT0,uni_sor_port,12,12,9,0.7948716438078525,3.5638139983522255,59.60770757946881,9,0,0,True
20260925T160801118826Z-74e3e7e0,matched_sor_v2_v3,WMNT→WETH,single_path,14,14,12,0.0,0.0,0.0,0,0,0,True
20260925T160801118826Z-74e3e7e0,matched_sor_v2_v3,WMNT→WETH,direct_split,14,14,12,0.0,0.0,0.0,0,0,0,True
20260925T160801118826Z-74e3e7e0,matched_sor_v2_v3,WMNT→WETH,path_split,14,14,12,0.0,0.0,0.0,0,0,0,True
20260925T160801118826Z-74e3e7e0,matched_sor_v2_v3,WMNT→WETH,incremental_graph,14,14,12,0.0,0.0,0.0,0,0,0,True
20260925T160801118826Z-74e3e7e0,matched_sor_v2_v3,WMNT→WETH,uni_sor_port,14,11,9,0.0,36.22015714686973,70.68966229004141,8,0,0,True
20260925T160801118826Z-74e3e7e0,matched_sor_v2_v3,mETH→USDT,single_path,14,14,13,0.0,64.59930264478255,792.2117499603397,10,0,0,True
20260925T160801118826Z-74e3e7e0,matched_sor_v2_v3,mETH→USDT,direct_split,14,14,13,0.0,0.0,0.0,0,0,0,True
20260925T160801118826Z-74e3e7e0,matched_sor_v2_v3,mETH→USDT,path_split,14,14,13,0.0,64.59930264478255,792.2117499603397,10,0,0,True
20260925T160801118826Z-74e3e7e0,matched_sor_v2_v3,mETH→USDT,incremental_graph,14,14,13,0.0,64.59930264478255,792.2117499603397,10,0,0,True
20260925T160801118826Z-74e3e7e0,matched_sor_v2_v3,mETH→USDT,uni_sor_port,14,14,13,0.0,81.49764550981419,793.2011142184953,11,0,0,True
20260925T160801118826Z-74e3e7e0,matched_sor_v2_v3,mETH→USDT0,single_path,12,12,9,0.0,0.0,0.0,0,0,0,True
20260925T160801118826Z-74e3e7e0,matched_sor_v2_v3,mETH→USDT0,direct_split,12,12,9,0.0,0.0,0.0,0,0,0,True
20260925T160801118826Z-74e3e7e0,matched_sor_v2_v3,mETH→USDT0,path_split,12,12,9,0.0,0.0,0.0,0,0,0,True
20260925T160801118826Z-74e3e7e0,matched_sor_v2_v3,mETH→USDT0,incremental_graph,12,12,9,0.0,0.0,0.0,0,0,0,True
20260925T160801118826Z-74e3e7e0,matched_sor_v2_v3,mETH→USDT0,uni_sor_port,12,12,9,0.0,0.3593460136906925,37.159466324445354,5,0,0,True
20260925T160801118826Z-74e3e7e0,matched_sor_v2_v3,mETH→WETH,single_path,12,12,12,0.0,0.0,0.0,0,0,0,True
20260925T160801118826Z-74e3e7e0,matched_sor_v2_v3,mETH→WETH,direct_split,12,12,12,0.0,0.0,0.0,0,0,0,True
20260925T160801118826Z-74e3e7e0,matched_sor_v2_v3,mETH→WETH,path_split,12,12,12,0.0,0.0,0.0,0,0,0,True
20260925T160801118826Z-74e3e7e0,matched_sor_v2_v3,mETH→WETH,incremental_graph,12,12,12,0.0,0.0,0.0,0,0,0,True
20260925T160801118826Z-74e3e7e0,matched_sor_v2_v3,mETH→WETH,uni_sor_port,12,12,12,0.0,0.0,0.0,0,0,0,True
20260925T160801039139Z-d3e2144d,full_source,CATI→USDC,single_path,3,3,0,N/A,N/A,N/A,0,0,3,True
20260925T160801039139Z-d3e2144d,full_source,CATI→USDC,direct_split,3,0,0,N/A,N/A,N/A,0,0,0,True
20260925T160801039139Z-d3e2144d,full_source,CATI→USDC,path_split,3,3,0,N/A,N/A,N/A,0,0,3,True
20260925T160801039139Z-d3e2144d,full_source,CATI→USDC,incremental_graph,3,3,0,N/A,N/A,N/A,0,0,3,True
20260925T160801039139Z-d3e2144d,full_source,CATI→USDC,uni_sor_port,3,3,0,N/A,N/A,N/A,0,0,3,True
20260925T160801039139Z-d3e2144d,full_source,CATI→USDT0,single_path,3,3,0,N/A,N/A,N/A,0,0,3,True
20260925T160801039139Z-d3e2144d,full_source,CATI→USDT0,direct_split,3,0,0,N/A,N/A,N/A,0,0,0,True
20260925T160801039139Z-d3e2144d,full_source,CATI→USDT0,path_split,3,3,0,N/A,N/A,N/A,0,0,3,True
20260925T160801039139Z-d3e2144d,full_source,CATI→USDT0,incremental_graph,3,3,0,N/A,N/A,N/A,0,0,3,True
20260925T160801039139Z-d3e2144d,full_source,CATI→USDT0,uni_sor_port,3,3,0,N/A,N/A,N/A,0,0,3,True
20260925T160801039139Z-d3e2144d,full_source,CATI→WMNT,single_path,12,11,11,0.0,0.0,0.0,0,0,0,True
20260925T160801039139Z-d3e2144d,full_source,CATI→WMNT,direct_split,12,11,11,0.0,0.0,100000.0,1,0,0,True
20260925T160801039139Z-d3e2144d,full_source,CATI→WMNT,path_split,12,11,11,0.0,0.0,0.0,0,0,0,True
20260925T160801039139Z-d3e2144d,full_source,CATI→WMNT,incremental_graph,12,11,11,0.0,0.0,0.0,0,0,0,True
20260925T160801039139Z-d3e2144d,full_source,CATI→WMNT,uni_sor_port,12,10,10,0.0,0.0,0.0,0,0,0,True
20260925T160801039139Z-d3e2144d,full_source,FBTC→USDC,single_path,3,3,0,N/A,N/A,N/A,0,0,3,True
20260925T160801039139Z-d3e2144d,full_source,FBTC→USDC,direct_split,3,0,0,N/A,N/A,N/A,0,0,0,True
20260925T160801039139Z-d3e2144d,full_source,FBTC→USDC,path_split,3,3,0,N/A,N/A,N/A,0,0,3,True
20260925T160801039139Z-d3e2144d,full_source,FBTC→USDC,incremental_graph,3,3,0,N/A,N/A,N/A,0,0,3,True
20260925T160801039139Z-d3e2144d,full_source,FBTC→USDC,uni_sor_port,3,3,0,N/A,N/A,N/A,0,0,3,True
20260925T160801039139Z-d3e2144d,full_source,FBTC→USDT0,single_path,10,10,9,0.0,0.0,0.0,0,0,0,True
20260925T160801039139Z-d3e2144d,full_source,FBTC→USDT0,direct_split,10,10,9,0.0,0.0,0.0,0,0,0,True
20260925T160801039139Z-d3e2144d,full_source,FBTC→USDT0,path_split,10,10,9,0.0,0.0,0.0,0,0,0,True
20260925T160801039139Z-d3e2144d,full_source,FBTC→USDT0,incremental_graph,10,10,9,0.0,0.0,0.0,0,0,0,True
20260925T160801039139Z-d3e2144d,full_source,FBTC→USDT0,uni_sor_port,10,10,9,0.0,0.0,0.0,0,0,0,True
20260925T160801039139Z-d3e2144d,full_source,FBTC→WETH,single_path,3,3,0,N/A,N/A,N/A,0,0,3,True
20260925T160801039139Z-d3e2144d,full_source,FBTC→WETH,direct_split,3,0,0,N/A,N/A,N/A,0,0,0,True
20260925T160801039139Z-d3e2144d,full_source,FBTC→WETH,path_split,3,3,0,N/A,N/A,N/A,0,0,3,True
20260925T160801039139Z-d3e2144d,full_source,FBTC→WETH,incremental_graph,3,3,0,N/A,N/A,N/A,0,0,3,True
20260925T160801039139Z-d3e2144d,full_source,FBTC→WETH,uni_sor_port,3,3,0,N/A,N/A,N/A,0,0,3,True
20260925T160801039139Z-d3e2144d,full_source,USDC→CATI,single_path,3,3,0,N/A,N/A,N/A,0,0,3,True
20260925T160801039139Z-d3e2144d,full_source,USDC→CATI,direct_split,3,0,0,N/A,N/A,N/A,0,0,0,True
20260925T160801039139Z-d3e2144d,full_source,USDC→CATI,path_split,3,3,0,N/A,N/A,N/A,0,0,3,True
20260925T160801039139Z-d3e2144d,full_source,USDC→CATI,incremental_graph,3,3,0,N/A,N/A,N/A,0,0,3,True
20260925T160801039139Z-d3e2144d,full_source,USDC→CATI,uni_sor_port,3,3,0,N/A,N/A,N/A,0,0,3,True
20260925T160801039139Z-d3e2144d,full_source,USDC→FBTC,single_path,3,3,0,N/A,N/A,N/A,0,0,3,True
20260925T160801039139Z-d3e2144d,full_source,USDC→FBTC,direct_split,3,0,0,N/A,N/A,N/A,0,0,0,True
20260925T160801039139Z-d3e2144d,full_source,USDC→FBTC,path_split,3,3,0,N/A,N/A,N/A,0,0,3,True
20260925T160801039139Z-d3e2144d,full_source,USDC→FBTC,incremental_graph,3,3,0,N/A,N/A,N/A,0,0,3,True
20260925T160801039139Z-d3e2144d,full_source,USDC→FBTC,uni_sor_port,3,3,0,N/A,N/A,N/A,0,0,3,True
20260925T160801039139Z-d3e2144d,full_source,USDC→USDT,single_path,12,12,11,0.0,0.0,0.0,0,0,0,True
20260925T160801039139Z-d3e2144d,full_source,USDC→USDT,direct_split,12,12,11,0.0,0.0,0.16189808232396063,5,0,0,True
20260925T160801039139Z-d3e2144d,full_source,USDC→USDT,path_split,12,12,11,0.0,0.0,0.0,0,0,0,True
20260925T160801039139Z-d3e2144d,full_source,USDC→USDT,incremental_graph,12,12,11,0.0,0.0,0.0,0,0,0,True
20260925T160801039139Z-d3e2144d,full_source,USDC→USDT,uni_sor_port,12,6,5,0.02100849222023351,3.03456774064924,57.47549055654747,5,0,0,True
20260925T160801039139Z-d3e2144d,full_source,USDC→USDT0,single_path,10,10,10,0.0,0.0,0.0,0,0,0,True
20260925T160801039139Z-d3e2144d,full_source,USDC→USDT0,direct_split,10,10,10,0.0,0.0,0.0,0,0,0,True
20260925T160801039139Z-d3e2144d,full_source,USDC→USDT0,path_split,10,10,10,0.0,0.0,0.0,0,0,0,True
20260925T160801039139Z-d3e2144d,full_source,USDC→USDT0,incremental_graph,10,10,10,0.0,0.0,0.0,0,0,0,True
20260925T160801039139Z-d3e2144d,full_source,USDC→USDT0,uni_sor_port,10,10,10,0.0,1.6745169970880052,50.44150714156156,6,0,0,True
20260925T160801039139Z-d3e2144d,full_source,USDC→WMNT,single_path,12,12,12,0.0,29.600134130587627,33.45511524280254,8,0,0,True
20260925T160801039139Z-d3e2144d,full_source,USDC→WMNT,direct_split,12,12,12,0.0,0.0,0.0,0,0,0,True
20260925T160801039139Z-d3e2144d,full_source,USDC→WMNT,path_split,12,12,12,0.0,29.600134130587627,33.45511524280254,8,0,0,True
20260925T160801039139Z-d3e2144d,full_source,USDC→WMNT,incremental_graph,12,12,12,0.0,29.600134130587627,33.45511524280254,8,0,0,True
20260925T160801039139Z-d3e2144d,full_source,USDC→WMNT,uni_sor_port,12,12,12,27.87177059567872,35.46908515413995,108.94795720660571,12,0,0,True
20260925T160801039139Z-d3e2144d,full_source,USDT0→CATI,single_path,3,3,0,N/A,N/A,N/A,0,0,3,True
20260925T160801039139Z-d3e2144d,full_source,USDT0→CATI,direct_split,3,0,0,N/A,N/A,N/A,0,0,0,True
20260925T160801039139Z-d3e2144d,full_source,USDT0→CATI,path_split,3,3,0,N/A,N/A,N/A,0,0,3,True
20260925T160801039139Z-d3e2144d,full_source,USDT0→CATI,incremental_graph,3,3,0,N/A,N/A,N/A,0,0,3,True
20260925T160801039139Z-d3e2144d,full_source,USDT0→CATI,uni_sor_port,3,3,0,N/A,N/A,N/A,0,0,3,True
20260925T160801039139Z-d3e2144d,full_source,USDT0→FBTC,single_path,12,12,10,0.0,0.0,0.0,0,0,0,True
20260925T160801039139Z-d3e2144d,full_source,USDT0→FBTC,direct_split,12,12,10,0.0,0.0,0.0,0,0,0,True
20260925T160801039139Z-d3e2144d,full_source,USDT0→FBTC,path_split,12,12,10,0.0,0.0,0.0,0,0,0,True
20260925T160801039139Z-d3e2144d,full_source,USDT0→FBTC,incremental_graph,12,12,10,0.0,0.0,0.0,0,0,0,True
20260925T160801039139Z-d3e2144d,full_source,USDT0→FBTC,uni_sor_port,12,12,10,0.0,0.0,0.0,0,0,0,True
20260925T160801039139Z-d3e2144d,full_source,USDT0→USDC,single_path,10,10,9,0.0,0.0,0.0,0,0,0,True
20260925T160801039139Z-d3e2144d,full_source,USDT0→USDC,direct_split,10,10,9,0.0,0.0,0.0,0,0,0,True
20260925T160801039139Z-d3e2144d,full_source,USDT0→USDC,path_split,10,10,9,0.0,0.0,0.0,0,0,0,True
20260925T160801039139Z-d3e2144d,full_source,USDT0→USDC,incremental_graph,10,10,9,0.0,0.0,0.0,0,0,0,True
20260925T160801039139Z-d3e2144d,full_source,USDT0→USDC,uni_sor_port,10,10,9,1.0006760361281497,11.266619964994753,26.116070724187658,9,0,0,True
20260925T160801039139Z-d3e2144d,full_source,USDT0→USDT,single_path,10,10,9,0.0,0.0,0.0,0,0,0,True
20260925T160801039139Z-d3e2144d,full_source,USDT0→USDT,direct_split,10,10,9,0.0,0.10073068600619091,0.10369541568593994,7,0,0,True
20260925T160801039139Z-d3e2144d,full_source,USDT0→USDT,path_split,10,10,9,0.0,0.0,0.0,0,0,0,True
20260925T160801039139Z-d3e2144d,full_source,USDT0→USDT,incremental_graph,10,10,9,0.0,0.0,0.0,0,0,0,True
20260925T160801039139Z-d3e2144d,full_source,USDT0→USDT,uni_sor_port,10,10,9,-0.16959297480866722,7.16230530259407,17.740406911459353,7,2,0,True
20260925T160801039139Z-d3e2144d,full_source,USDT0→WMNT,single_path,10,10,10,0.0,0.0,22.339882624270103,1,0,0,True
20260925T160801039139Z-d3e2144d,full_source,USDT0→WMNT,direct_split,10,10,10,0.0,0.0,0.0,0,0,0,True
20260925T160801039139Z-d3e2144d,full_source,USDT0→WMNT,path_split,10,10,10,0.0,0.0,22.339882624270103,1,0,0,True
20260925T160801039139Z-d3e2144d,full_source,USDT0→WMNT,incremental_graph,10,10,10,0.0,0.0,22.339882624270103,1,0,0,True
20260925T160801039139Z-d3e2144d,full_source,USDT0→WMNT,uni_sor_port,10,10,10,0.0,0.0,22.461965845791724,4,0,0,True
20260925T160801039139Z-d3e2144d,full_source,USDT0→mETH,single_path,10,10,9,0.0,0.0,0.0,0,0,0,True
20260925T160801039139Z-d3e2144d,full_source,USDT0→mETH,direct_split,10,10,9,0.0,0.0,0.0,0,0,0,True
20260925T160801039139Z-d3e2144d,full_source,USDT0→mETH,path_split,10,10,9,0.0,0.0,0.0,0,0,0,True
20260925T160801039139Z-d3e2144d,full_source,USDT0→mETH,incremental_graph,10,10,9,0.0,0.0,0.0,0,0,0,True
20260925T160801039139Z-d3e2144d,full_source,USDT0→mETH,uni_sor_port,10,10,9,0.0,0.12917437057884806,34.47258616162118,6,0,0,True
20260925T160801039139Z-d3e2144d,full_source,USDT→USDC,single_path,12,12,11,0.0,0.0,0.0,0,0,0,True
20260925T160801039139Z-d3e2144d,full_source,USDT→USDC,direct_split,12,12,11,0.0,0.0,0.0,0,0,0,True
20260925T160801039139Z-d3e2144d,full_source,USDT→USDC,path_split,12,12,11,0.0,0.0,0.0,0,0,0,True
20260925T160801039139Z-d3e2144d,full_source,USDT→USDC,incremental_graph,12,12,11,0.0,0.0,0.0,0,0,0,True
20260925T160801039139Z-d3e2144d,full_source,USDT→USDC,uni_sor_port,12,12,11,1.1251509453957544,18.8664475682568,42.569748264695306,11,0,0,True
20260925T160801039139Z-d3e2144d,full_source,USDT→USDT0,single_path,12,12,10,0.0,0.0,0.0,0,0,0,True
20260925T160801039139Z-d3e2144d,full_source,USDT→USDT0,direct_split,12,12,10,0.0,0.0,0.0,0,0,0,True
20260925T160801039139Z-d3e2144d,full_source,USDT→USDT0,path_split,12,12,10,0.0,0.0,0.0,0,0,0,True
20260925T160801039139Z-d3e2144d,full_source,USDT→USDT0,incremental_graph,12,12,10,0.0,0.0,0.0,0,0,0,True
20260925T160801039139Z-d3e2144d,full_source,USDT→USDT0,uni_sor_port,12,12,10,-0.1693211765152242,2.499478724673954,20000.0,7,2,0,True
20260925T160801039139Z-d3e2144d,full_source,USDT→WMNT,single_path,10,10,10,0.0,0.0,0.0,0,0,0,True
20260925T160801039139Z-d3e2144d,full_source,USDT→WMNT,direct_split,10,10,10,0.0,0.0,0.0,0,0,0,True
20260925T160801039139Z-d3e2144d,full_source,USDT→WMNT,path_split,10,10,10,0.0,0.0,0.0,0,0,0,True
20260925T160801039139Z-d3e2144d,full_source,USDT→WMNT,incremental_graph,10,10,10,0.0,0.0,0.0,0,0,0,True
20260925T160801039139Z-d3e2144d,full_source,USDT→WMNT,uni_sor_port,10,10,10,0.0,0.0,367.6929526744872,5,0,0,True
20260925T160801039139Z-d3e2144d,full_source,USDT→mETH,single_path,12,12,12,0.0,45.1661385514488,984.6378269457263,8,0,0,True
20260925T160801039139Z-d3e2144d,full_source,USDT→mETH,direct_split,12,12,12,0.0,0.0,571.1627381909285,2,0,0,True
20260925T160801039139Z-d3e2144d,full_source,USDT→mETH,path_split,12,12,12,0.0,45.1661385514488,984.6378269457263,8,0,0,True
20260925T160801039139Z-d3e2144d,full_source,USDT→mETH,incremental_graph,12,12,12,0.0,45.1661385514488,984.6378269457263,8,0,0,True
20260925T160801039139Z-d3e2144d,full_source,USDT→mETH,uni_sor_port,12,10,10,50.440749644918554,59.9872209447481,984.7034874011767,10,0,0,True
20260925T160801039139Z-d3e2144d,full_source,WETH→FBTC,single_path,3,3,0,N/A,N/A,N/A,0,0,3,True
20260925T160801039139Z-d3e2144d,full_source,WETH→FBTC,direct_split,3,0,0,N/A,N/A,N/A,0,0,0,True
20260925T160801039139Z-d3e2144d,full_source,WETH→FBTC,path_split,3,3,0,N/A,N/A,N/A,0,0,3,True
20260925T160801039139Z-d3e2144d,full_source,WETH→FBTC,incremental_graph,3,3,0,N/A,N/A,N/A,0,0,3,True
20260925T160801039139Z-d3e2144d,full_source,WETH→FBTC,uni_sor_port,3,3,0,N/A,N/A,N/A,0,0,3,True
20260925T160801039139Z-d3e2144d,full_source,WETH→WMNT,single_path,12,12,12,0.0,0.0,0.0,0,0,0,True
20260925T160801039139Z-d3e2144d,full_source,WETH→WMNT,direct_split,12,12,12,0.0,0.0,0.0,0,0,0,True
20260925T160801039139Z-d3e2144d,full_source,WETH→WMNT,path_split,12,12,12,0.0,0.0,0.0,0,0,0,True
20260925T160801039139Z-d3e2144d,full_source,WETH→WMNT,incremental_graph,12,12,12,0.0,0.0,0.0,0,0,0,True
20260925T160801039139Z-d3e2144d,full_source,WETH→WMNT,uni_sor_port,12,12,12,-57.119408133548305,-22.949081059670018,43.25459280449148,5,6,0,True
20260925T160801039139Z-d3e2144d,full_source,WETH→mETH,single_path,12,12,11,0.0,0.0,0.0,0,0,0,True
20260925T160801039139Z-d3e2144d,full_source,WETH→mETH,direct_split,12,12,11,0.0,0.0,0.0,0,0,0,True
20260925T160801039139Z-d3e2144d,full_source,WETH→mETH,path_split,12,12,11,0.0,0.0,0.0,0,0,0,True
20260925T160801039139Z-d3e2144d,full_source,WETH→mETH,incremental_graph,12,12,11,0.0,0.0,0.0,0,0,0,True
20260925T160801039139Z-d3e2144d,full_source,WETH→mETH,uni_sor_port,12,12,11,0.0,0.0,0.64065499665087,2,0,0,True
20260925T160801039139Z-d3e2144d,full_source,WMNT→CATI,single_path,10,10,10,0.0,0.0,0.0,0,0,0,True
20260925T160801039139Z-d3e2144d,full_source,WMNT→CATI,direct_split,10,10,10,0.0,0.0,0.0,0,0,0,True
20260925T160801039139Z-d3e2144d,full_source,WMNT→CATI,path_split,10,10,10,0.0,0.0,0.0,0,0,0,True
20260925T160801039139Z-d3e2144d,full_source,WMNT→CATI,incremental_graph,10,10,10,0.0,0.0,0.0,0,0,0,True
20260925T160801039139Z-d3e2144d,full_source,WMNT→CATI,uni_sor_port,10,10,10,0.0,0.0,0.0,0,0,0,True
20260925T160801039139Z-d3e2144d,full_source,WMNT→USDC,single_path,14,14,12,0.0,0.0,11.999688273169342,2,0,0,True
20260925T160801039139Z-d3e2144d,full_source,WMNT→USDC,direct_split,14,14,12,0.0,0.0,0.0,0,0,0,True
20260925T160801039139Z-d3e2144d,full_source,WMNT→USDC,path_split,14,14,12,0.0,0.0,11.999688273169342,2,0,0,True
20260925T160801039139Z-d3e2144d,full_source,WMNT→USDC,incremental_graph,14,14,12,0.0,0.0,11.999688273169342,2,0,0,True
20260925T160801039139Z-d3e2144d,full_source,WMNT→USDC,uni_sor_port,14,13,11,0.0,32.57255999676735,86.06724543709745,10,0,0,True
20260925T160801039139Z-d3e2144d,full_source,WMNT→USDT,single_path,12,12,10,0.0,0.0,0.0,0,0,0,True
20260925T160801039139Z-d3e2144d,full_source,WMNT→USDT,direct_split,12,12,10,0.0,0.0,6.548335798332526,4,0,0,True
20260925T160801039139Z-d3e2144d,full_source,WMNT→USDT,path_split,12,12,10,0.0,0.0,0.0,0,0,0,True
20260925T160801039139Z-d3e2144d,full_source,WMNT→USDT,incremental_graph,12,12,10,0.0,0.0,0.0,0,0,0,True
20260925T160801039139Z-d3e2144d,full_source,WMNT→USDT,uni_sor_port,12,12,10,0.0,15.78547761658604,99.04698419271405,9,0,0,True
20260925T160801039139Z-d3e2144d,full_source,WMNT→USDT0,single_path,12,12,9,0.0,0.0,47.10616773792551,4,0,0,True
20260925T160801039139Z-d3e2144d,full_source,WMNT→USDT0,direct_split,12,12,9,0.0,0.0,0.0,0,0,0,True
20260925T160801039139Z-d3e2144d,full_source,WMNT→USDT0,path_split,12,12,9,0.0,0.0,47.10616773792551,4,0,0,True
20260925T160801039139Z-d3e2144d,full_source,WMNT→USDT0,incremental_graph,12,12,9,0.0,0.0,47.10616773792551,4,0,0,True
20260925T160801039139Z-d3e2144d,full_source,WMNT→USDT0,uni_sor_port,12,12,9,0.7948716438078525,3.5638139983522255,59.60770757946881,9,0,0,True
20260925T160801039139Z-d3e2144d,full_source,WMNT→WETH,single_path,14,14,12,0.0,0.0,23.69077940146579,4,0,0,True
20260925T160801039139Z-d3e2144d,full_source,WMNT→WETH,direct_split,14,14,12,0.0,0.0,0.0,0,0,0,True
20260925T160801039139Z-d3e2144d,full_source,WMNT→WETH,path_split,14,14,12,0.0,0.0,23.69077940146579,4,0,0,True
20260925T160801039139Z-d3e2144d,full_source,WMNT→WETH,incremental_graph,14,14,12,0.0,0.0,23.69077940146579,4,0,0,True
20260925T160801039139Z-d3e2144d,full_source,WMNT→WETH,uni_sor_port,14,11,9,0.0,23.978322980019446,31.579807022958764,8,0,0,True
20260925T160801039139Z-d3e2144d,full_source,mETH→USDT,single_path,14,14,13,0.0,64.59930264478255,794.5602415443174,10,0,0,True
20260925T160801039139Z-d3e2144d,full_source,mETH→USDT,direct_split,14,14,13,0.0,0.0,468.570837101714,2,0,0,True
20260925T160801039139Z-d3e2144d,full_source,mETH→USDT,path_split,14,14,13,0.0,64.59930264478255,794.5602415443174,10,0,0,True
20260925T160801039139Z-d3e2144d,full_source,mETH→USDT,incremental_graph,14,14,13,0.0,64.59930264478255,794.5602415443174,10,0,0,True
20260925T160801039139Z-d3e2144d,full_source,mETH→USDT,uni_sor_port,14,14,13,0.0,81.49764550981419,793.2011142184953,11,0,0,True
20260925T160801039139Z-d3e2144d,full_source,mETH→USDT0,single_path,12,12,9,0.0,0.0,0.0,0,0,0,True
20260925T160801039139Z-d3e2144d,full_source,mETH→USDT0,direct_split,12,12,9,0.0,0.0,1.6180079527469713,3,0,0,True
20260925T160801039139Z-d3e2144d,full_source,mETH→USDT0,path_split,12,12,9,0.0,0.0,0.0,0,0,0,True
20260925T160801039139Z-d3e2144d,full_source,mETH→USDT0,incremental_graph,12,12,9,0.0,0.0,0.0,0,0,0,True
20260925T160801039139Z-d3e2144d,full_source,mETH→USDT0,uni_sor_port,12,12,9,-6.119381475255425,-1.9847261024284633,37.159466324445354,3,6,0,True
20260925T160801039139Z-d3e2144d,full_source,mETH→WETH,single_path,12,12,12,0.0,0.0,0.0,0,0,0,True
20260925T160801039139Z-d3e2144d,full_source,mETH→WETH,direct_split,12,12,12,0.0,0.0,0.0,0,0,0,True
20260925T160801039139Z-d3e2144d,full_source,mETH→WETH,path_split,12,12,12,0.0,0.0,0.0,0,0,0,True
20260925T160801039139Z-d3e2144d,full_source,mETH→WETH,incremental_graph,12,12,12,0.0,0.0,0.0,0,0,0,True
20260925T160801039139Z-d3e2144d,full_source,mETH→WETH,uni_sor_port,12,12,12,0.0,0.0,0.0,0,0,0,True
